evidence_ID,property_ID,source_id,target_id,original_id,fragment_id,Article_id,priority,conflict_note,unvetted,linking_quote,interpretation_notes,property_type_explanation,pc_flag,soma_pcl_flag,ax_de_pcl_flag,perisomatic_targeting_flag,supplemental_pmids
30089,NULL,1000,1002,1001042,30088,0,0,NULL,0,NULL,NULL,NULL,0,0,0,0,NULL
30090,NULL,1000,1002,1001045,30089,0,0,NULL,0,NULL,NULL,NULL,0,0,0,0,NULL
30093,NULL,1000,1002,1001203,30092,0,0,NULL,0,NULL,NULL,NULL,0,0,0,0,NULL
30095,NULL,1000,1002,1001300,30094,0,0,NULL,0,NULL,NULL,NULL,0,0,0,0,NULL
30109,NULL,1000,1002,1001400,30108,0,0,NULL,0,NULL,NULL,NULL,0,0,0,0,NULL
30110,NULL,1000,1002,1001403,30109,0,0,NULL,0,NULL,NULL,NULL,0,0,0,0,NULL
30119,NULL,1000,1002,1001721,30118,0,0,NULL,0,NULL,NULL,NULL,0,0,0,0,NULL
30120,NULL,1000,1002,1001727,30119,0,0,NULL,0,NULL,NULL,NULL,0,0,0,0,NULL
30121,NULL,1000,1002,1001730,30120,0,0,NULL,0,NULL,NULL,NULL,0,0,0,0,NULL
30124,NULL,1000,1002,1001778,30123,0,0,NULL,0,NULL,NULL,NULL,0,0,0,0,NULL
30141,NULL,1000,1002,1001969,30140,0,0,NULL,0,NULL,NULL,NULL,0,0,0,0,NULL
30154,NULL,1000,1002,1002324,30153,0,0,NULL,0,NULL,NULL,NULL,0,0,0,0,NULL
30164,NULL,1000,1002,1002506,30163,0,0,NULL,0,NULL,NULL,NULL,0,0,0,0,NULL
30181,NULL,1000,1002,1002739,30180,0,0,NULL,0,NULL,NULL,NULL,0,0,0,0,NULL
30184,NULL,1000,1002,1002821,30183,0,0,NULL,0,NULL,NULL,NULL,0,0,0,0,NULL
30200,NULL,1000,1002,1003093,30199,0,0,NULL,0,NULL,NULL,NULL,0,0,0,0,NULL
30201,NULL,1000,1002,1003102,30200,0,0,NULL,0,NULL,NULL,NULL,0,0,0,0,NULL
30224,NULL,1000,1002,1003633,30223,0,0,NULL,0,NULL,NULL,NULL,0,0,0,0,NULL
30262,NULL,1000,1002,1004006,30261,0,0,NULL,0,NULL,NULL,NULL,0,0,0,0,NULL
30430,NULL,1000,1002,2000003,30429,0,0,NULL,0,NULL,NULL,NULL,0,0,0,0,NULL
30563,NULL,1000,1002,2000077,30562,0,0,NULL,0,NULL,NULL,NULL,0,0,0,0,NULL
30121,NULL,1000,1035,1001730,30120,0,0,NULL,0,NULL,NULL,NULL,0,0,0,0,NULL
30139,NULL,1000,1035,1001957,30138,0,0,NULL,0,NULL,NULL,NULL,0,0,0,0,NULL
30153,NULL,1000,1035,1002318,30152,0,0,NULL,0,NULL,NULL,NULL,0,0,0,0,NULL
30260,NULL,1000,1035,1003777,30259,0,0,NULL,0,NULL,NULL,NULL,0,0,0,0,NULL
30009,NULL,1000,1035,1000366,30008,0,0,NULL,0,NULL,NULL,NULL,0,0,0,0,NULL
30439,NULL,1000,1035,2000011,30438,0,0,NULL,0,NULL,NULL,NULL,0,0,0,0,NULL
30572,NULL,1000,1035,2000086,30571,0,0,NULL,0,NULL,NULL,NULL,0,0,0,0,NULL
30287,NULL,1000,1036,1005010,30286,0,0,NULL,0,NULL,NULL,NULL,0,0,0,0,NULL
30096,NULL,1000,1009,1001303,30095,0,0,NULL,0,NULL,NULL,NULL,0,0,0,0,NULL
30110,NULL,1000,1009,1001403,30109,0,0,NULL,0,NULL,NULL,NULL,0,0,0,0,NULL
30086,NULL,1000,1013,1000924,30085,0,0,NULL,0,NULL,NULL,NULL,0,0,0,0,NULL
30096,NULL,1000,1013,1001303,30095,0,0,NULL,0,NULL,NULL,NULL,0,0,0,0,NULL
30110,NULL,1000,1013,1001403,30109,0,0,NULL,0,NULL,NULL,NULL,0,0,0,0,NULL
30156,NULL,1000,1013,1002330,30155,0,0,NULL,0,NULL,NULL,NULL,0,0,0,0,NULL
30261,NULL,1000,1013,1003789,30260,0,0,NULL,0,NULL,NULL,NULL,0,0,0,0,NULL
30539,NULL,1000,1013,2000063,30538,0,0,NULL,0,NULL,NULL,NULL,0,0,0,0,NULL
30164,NULL,1000,2000,1002506,30163,0,0,NULL,0,NULL,NULL,NULL,0,0,0,0,NULL
30201,NULL,1000,2000,1003102,30200,0,0,NULL,0,NULL,NULL,NULL,0,0,0,0,NULL
30224,NULL,1000,2000,1003633,30223,0,0,NULL,0,NULL,NULL,NULL,0,0,0,0,NULL
30262,NULL,1000,2000,1004006,30261,0,0,NULL,0,NULL,NULL,NULL,0,0,0,0,NULL
30010,NULL,1000,2000,1000480,30009,0,0,NULL,0,NULL,NULL,NULL,0,0,0,0,NULL
30082,NULL,1000,2000,1000753,30081,0,0,NULL,0,NULL,NULL,NULL,0,0,0,0,NULL
30083,NULL,1000,2000,1000762,30082,0,0,NULL,0,NULL,NULL,NULL,0,0,0,0,NULL
30087,NULL,1000,2000,1001009,30086,0,0,NULL,0,NULL,NULL,NULL,0,0,0,0,NULL
30091,NULL,1000,2000,1001200,30090,0,0,NULL,0,NULL,NULL,NULL,0,0,0,0,NULL
30094,NULL,1000,2000,1001250,30093,0,0,NULL,0,NULL,NULL,NULL,0,0,0,0,NULL
30123,NULL,1000,2000,1001742,30122,0,0,NULL,0,NULL,NULL,NULL,0,0,0,0,NULL
30142,NULL,1000,2000,1001984,30141,0,0,NULL,0,NULL,NULL,NULL,0,0,0,0,NULL
30144,NULL,1000,2000,1001999,30143,0,0,NULL,0,NULL,NULL,NULL,0,0,0,0,NULL
30192,NULL,1000,2000,1003036,30191,0,0,NULL,0,NULL,NULL,NULL,0,0,0,0,NULL
30194,NULL,1000,2000,1003042,30193,0,0,NULL,0,NULL,NULL,NULL,0,0,0,0,NULL
30563,NULL,1000,2000,2000077,30562,0,0,NULL,0,NULL,NULL,NULL,0,0,0,0,NULL
30565,NULL,1000,2000,2000078,30564,0,0,NULL,0,NULL,NULL,NULL,0,0,0,0,NULL
30087,NULL,1000,2017,1001009,30086,0,0,NULL,0,NULL,NULL,NULL,0,0,0,0,NULL
30091,NULL,1000,2017,1001200,30090,0,0,NULL,0,NULL,NULL,NULL,0,0,0,0,NULL
30194,NULL,1000,2017,1003042,30193,0,0,NULL,0,NULL,NULL,NULL,0,0,0,0,NULL
30196,NULL,1000,2017,1003051,30195,0,0,NULL,0,NULL,NULL,NULL,0,0,0,0,NULL
30565,NULL,1000,2017,2000078,30564,0,0,NULL,0,NULL,NULL,NULL,0,0,0,0,NULL
30015,NULL,1000,2019,1000507,30014,0,0,NULL,0,NULL,NULL,NULL,0,0,0,0,NULL
30016,NULL,1000,2019,1000519,30015,0,0,NULL,0,NULL,NULL,NULL,0,0,0,0,NULL
30212,NULL,1000,2035,1003409,30211,0,0,NULL,0,NULL,NULL,NULL,0,0,0,0,NULL
30254,NULL,1000,2035,1003762,30253,0,0,NULL,0,NULL,NULL,NULL,0,0,0,0,NULL
30011,NULL,1000,2043,1000486,30010,0,0,NULL,0,NULL,NULL,NULL,0,0,0,0,NULL
30016,NULL,1000,2043,1000519,30015,0,0,NULL,0,NULL,NULL,NULL,0,0,0,0,NULL
30546,NULL,1000,2043,2000068,30545,0,0,NULL,0,NULL,NULL,NULL,0,0,0,0,NULL
30551,NULL,1000,2043,2000069,30550,0,0,NULL,0,NULL,NULL,NULL,0,0,0,0,NULL
30578,NULL,1000,2043,2000091,30577,0,0,NULL,0,NULL,NULL,NULL,0,0,0,0,NULL
30012,NULL,1000,2044,1000489,30011,0,0,NULL,0,NULL,NULL,NULL,0,0,0,0,NULL
30014,NULL,1000,2046,1000504,30013,0,0,NULL,0,NULL,NULL,NULL,0,0,0,0,NULL
30463,NULL,1000,2036,2000032,30462,0,0,NULL,0,NULL,NULL,NULL,0,0,0,0,NULL
30142,NULL,1000,3000,1001984,30141,0,0,NULL,0,NULL,NULL,NULL,0,0,0,0,NULL
30568,NULL,1000,3000,2000082,30567,0,0,NULL,0,NULL,NULL,NULL,0,0,0,0,NULL
30185,NULL,1001,1002,1002915,30184,0,0,NULL,0,NULL,NULL,NULL,0,0,0,0,NULL
30186,NULL,1001,1002,1002918,30185,0,0,NULL,0,NULL,NULL,NULL,0,0,0,0,NULL
30098,NULL,1002,1000,1001306,30097,0,0,NULL,0,NULL,NULL,NULL,0,0,0,0,NULL
30113,NULL,1002,1000,1001409,30112,0,0,NULL,0,NULL,NULL,NULL,0,0,0,0,NULL
30132,NULL,1002,1000,1001921,30131,0,0,NULL,0,NULL,NULL,NULL,0,0,0,0,NULL
30140,NULL,1002,1000,1001963,30139,0,0,NULL,0,NULL,NULL,NULL,0,0,0,0,NULL
30182,NULL,1002,1000,1002745,30181,0,0,NULL,0,NULL,NULL,NULL,0,0,0,0,NULL
30199,NULL,1002,1000,1003081,30198,0,0,NULL,0,NULL,NULL,NULL,0,0,0,0,NULL
30204,NULL,1002,1000,1003105,30203,0,0,NULL,0,NULL,NULL,NULL,0,0,0,0,NULL
30155,NULL,1002,1000,1002327,30154,0,0,NULL,0,NULL,NULL,NULL,0,0,0,0,NULL
30228,NULL,1002,1000,1003642,30227,0,0,NULL,0,NULL,NULL,NULL,0,0,0,0,NULL
30262,NULL,1002,1000,1004006,30261,0,0,NULL,0,NULL,NULL,NULL,0,0,0,0,NULL
30442,NULL,1002,1000,2000014,30441,0,0,NULL,0,NULL,NULL,NULL,0,0,0,0,NULL
30559,NULL,1002,1000,2000074,30558,0,0,NULL,0,NULL,NULL,NULL,0,0,0,0,NULL
30560,NULL,1002,1000,2000075,30559,0,0,NULL,0,NULL,NULL,NULL,0,0,0,0,NULL
30098,NULL,1002,1002,1001306,30097,0,0,NULL,0,NULL,NULL,NULL,0,0,0,0,NULL
30161,NULL,1002,1002,1002430,30160,0,0,NULL,0,NULL,NULL,NULL,0,0,0,0,NULL
30226,NULL,1002,1002,1003639,30225,0,0,NULL,0,NULL,NULL,NULL,0,0,0,0,NULL
30262,NULL,1002,1002,1004006,30261,0,0,NULL,0,NULL,NULL,NULL,0,0,0,0,NULL
30570,NULL,1002,1010,2000084,30569,0,0,NULL,0,NULL,NULL,NULL,0,0,0,0,NULL
30100,NULL,1002,1009,1001309,30099,0,0,NULL,0,NULL,NULL,NULL,0,0,0,0,NULL
30100,NULL,1002,1013,1001309,30099,0,0,NULL,0,NULL,NULL,NULL,0,0,0,0,NULL
30284,NULL,1010,1000,1005000,30283,0,0,NULL,0,NULL,NULL,NULL,0,0,0,0,NULL
30285,NULL,1010,1000,1005002,30284,0,0,NULL,0,NULL,NULL,NULL,0,0,0,0,NULL
30368,NULL,1010,1000,1007146,30367,0,0,NULL,0,NULL,NULL,NULL,0,0,0,0,NULL
30571,NULL,1010,1000,2000085,30570,0,0,NULL,0,NULL,NULL,NULL,0,0,0,0,NULL
30574,NULL,1010,1000,2000088,30573,0,0,NULL,0,NULL,NULL,NULL,0,0,0,0,NULL
30421,NULL,1010,1000,1007220,30420,0,0,NULL,0,NULL,NULL,NULL,0,0,0,0,NULL
30286,NULL,1010,1002,1005004,30285,0,0,NULL,0,NULL,NULL,NULL,0,0,0,0,NULL
30421,NULL,1010,1002,1007220,30420,0,0,NULL,0,NULL,NULL,NULL,0,0,0,0,NULL
30288,NULL,1035,1035,1005015,30287,0,0,NULL,0,NULL,NULL,NULL,0,0,0,0,NULL
30289,NULL,1035,1035,1005017,30288,0,0,NULL,0,NULL,NULL,NULL,0,0,0,0,NULL
30290,NULL,1035,1035,1005019,30289,0,0,NULL,0,NULL,NULL,NULL,0,0,0,0,NULL
30291,NULL,1035,1035,1005021,30290,0,0,NULL,0,NULL,NULL,NULL,0,0,0,0,NULL
30293,NULL,1035,1035,1005025,30292,0,0,NULL,0,NULL,NULL,NULL,0,0,0,0,NULL
30300,NULL,1035,1035,1005037,30299,0,0,NULL,0,NULL,NULL,NULL,0,0,0,0,NULL
30301,NULL,1035,1035,1005039,30300,0,0,NULL,0,NULL,NULL,NULL,0,0,0,0,NULL
30431,NULL,1035,1035,2000004,30430,0,0,NULL,0,NULL,NULL,NULL,0,0,0,0,NULL
30292,NULL,1035,1000,1005023,30291,0,0,NULL,0,NULL,NULL,NULL,0,0,0,0,NULL
30294,NULL,1035,1000,1005027,30293,0,0,NULL,0,NULL,NULL,NULL,0,0,0,0,NULL
30295,NULL,1035,1000,1005029,30294,0,0,NULL,0,NULL,NULL,NULL,0,0,0,0,NULL
30297,NULL,1035,1000,1005031,30296,0,0,NULL,0,NULL,NULL,NULL,0,0,0,0,NULL
30298,NULL,1035,1000,1005033,30297,0,0,NULL,0,NULL,NULL,NULL,0,0,0,0,NULL
30299,NULL,1035,1000,1005035,30298,0,0,NULL,0,NULL,NULL,NULL,0,0,0,0,NULL
30302,NULL,1035,1000,1005041,30301,0,0,NULL,0,NULL,NULL,NULL,0,0,0,0,NULL
30303,NULL,1035,1000,1005043,30302,0,0,NULL,0,NULL,NULL,NULL,0,0,0,0,NULL
30304,NULL,1035,1000,1005045,30303,0,0,NULL,0,NULL,NULL,NULL,0,0,0,0,NULL
30305,NULL,1035,1000,1005047,30304,0,0,NULL,0,NULL,NULL,NULL,0,0,0,0,NULL
30306,NULL,1035,1000,1005049,30305,0,0,NULL,0,NULL,NULL,NULL,0,0,0,0,NULL
30307,NULL,1035,1000,1005051,30306,0,0,NULL,0,NULL,NULL,NULL,0,0,0,0,NULL
30308,NULL,1035,1000,1005053,30307,0,0,NULL,0,NULL,NULL,NULL,0,0,0,0,NULL
30430,NULL,1035,1000,2000003,30429,0,0,NULL,0,NULL,NULL,NULL,0,0,0,0,NULL
30437,NULL,1035,1000,2000010,30436,0,0,NULL,0,NULL,NULL,NULL,0,0,0,0,NULL
30450,NULL,1035,1000,2000021,30449,0,0,NULL,0,NULL,NULL,NULL,0,0,0,0,NULL
30573,NULL,1035,1000,2000087,30572,0,0,NULL,0,NULL,NULL,NULL,0,0,0,0,NULL
30574,NULL,1035,1000,2000088,30573,0,0,NULL,0,NULL,NULL,NULL,0,0,0,0,NULL
30577,NULL,1035,1009,2000090,30576,0,0,NULL,0,NULL,NULL,NULL,0,0,0,0,NULL
30309,NULL,1036,1000,1005055,30308,0,0,NULL,0,NULL,NULL,NULL,0,0,0,0,NULL
30430,NULL,1036,1035,2000003,30429,0,0,NULL,0,NULL,NULL,NULL,0,0,0,0,NULL
30107,NULL,1009,1000,1001336,30106,0,0,NULL,0,NULL,NULL,NULL,0,0,0,0,NULL
30436,NULL,1009,1000,2000009,30435,0,0,NULL,0,NULL,NULL,NULL,0,0,0,0,NULL
30437,NULL,1009,1000,2000010,30436,0,0,NULL,0,NULL,NULL,NULL,0,0,0,0,NULL
30543,NULL,1009,1000,2000064,30542,0,0,NULL,0,NULL,NULL,NULL,0,0,0,0,NULL
30399,NULL,1009,1035,1007192,30398,0,0,NULL,0,NULL,NULL,NULL,0,0,0,0,NULL
30432,NULL,1009,1009,2000005,30431,0,0,NULL,0,NULL,NULL,NULL,0,0,0,0,NULL
30107,NULL,1013,1000,1001336,30106,0,0,NULL,0,NULL,NULL,NULL,0,0,0,0,NULL
30125,NULL,1013,1000,1001796,30124,0,0,NULL,0,NULL,NULL,NULL,0,0,0,0,NULL
30126,NULL,1013,1000,1001802,30125,0,0,NULL,0,NULL,NULL,NULL,0,0,0,0,NULL
30133,NULL,1013,1000,1001924,30132,0,0,NULL,0,NULL,NULL,NULL,0,0,0,0,NULL
30157,NULL,1013,1000,1002333,30156,0,0,NULL,0,NULL,NULL,NULL,0,0,0,0,NULL
30102,NULL,1013,1000,1001324,30101,0,0,NULL,0,NULL,NULL,NULL,0,0,0,0,NULL
30114,NULL,1013,1000,1001427,30113,0,0,NULL,0,NULL,NULL,NULL,0,0,0,0,NULL
30430,NULL,1013,1000,2000003,30429,0,0,NULL,0,NULL,NULL,NULL,0,0,0,0,NULL
30539,NULL,1013,1000,2000063,30538,0,0,NULL,0,NULL,NULL,NULL,0,0,0,0,NULL
30543,NULL,1013,1000,2000064,30542,0,0,NULL,0,NULL,NULL,NULL,0,0,0,0,NULL
30583,NULL,1013,1000,2000096,30582,0,0,NULL,0,NULL,NULL,NULL,0,0,0,0,NULL
30102,NULL,1013,1035,1001324,30101,0,0,NULL,0,NULL,NULL,NULL,0,0,0,0,NULL
30114,NULL,1013,1035,1001427,30113,0,0,NULL,0,NULL,NULL,NULL,0,0,0,0,NULL
30399,NULL,1013,1035,1007192,30398,0,0,NULL,0,NULL,NULL,NULL,0,0,0,0,NULL
30430,NULL,1013,1035,2000003,30429,0,0,NULL,0,NULL,NULL,NULL,0,0,0,0,NULL
30435,NULL,1013,1035,2000008,30434,0,0,NULL,0,NULL,NULL,NULL,0,0,0,0,NULL
30085,NULL,1008,1000,1000843,30084,0,0,NULL,0,NULL,NULL,NULL,0,0,0,0,NULL
30104,NULL,1008,1000,1001330,30103,0,0,NULL,0,NULL,NULL,NULL,0,0,0,0,NULL
30116,NULL,1008,1000,1001433,30115,0,0,NULL,0,NULL,NULL,NULL,0,0,0,0,NULL
30104,NULL,1008,1009,1001330,30103,0,0,NULL,0,NULL,NULL,NULL,0,0,0,0,NULL
30116,NULL,1008,1009,1001433,30115,0,0,NULL,0,NULL,NULL,NULL,0,0,0,0,NULL
30104,NULL,1008,1008,1001330,30103,0,0,NULL,0,NULL,NULL,NULL,0,0,0,0,NULL
30116,NULL,1008,1008,1001433,30115,0,0,NULL,0,NULL,NULL,NULL,0,0,0,0,NULL
30428,NULL,1007,1000,2000001,30427,0,0,NULL,0,NULL,NULL,NULL,0,0,0,0,NULL
30429,NULL,1007,1007,2000002,30428,0,0,NULL,0,NULL,NULL,NULL,0,0,0,0,NULL
30580,NULL,1004,1004,2000093,30579,0,0,NULL,0,NULL,NULL,NULL,0,0,0,0,NULL
30579,NULL,1026,1000,2000092,30578,0,0,NULL,0,NULL,NULL,NULL,0,0,0,0,NULL
30083,NULL,2000,2000,1000762,30082,0,0,NULL,0,NULL,NULL,NULL,0,0,0,0,NULL
30192,NULL,2000,2000,1003036,30191,0,0,NULL,0,NULL,NULL,NULL,0,0,0,0,NULL
30197,NULL,2000,2000,1003060,30196,0,0,NULL,0,NULL,NULL,NULL,0,0,0,0,NULL
30311,NULL,2000,2000,1006002,30310,0,0,NULL,0,NULL,NULL,NULL,0,0,0,0,NULL
30313,NULL,2000,2000,1006006,30312,0,0,NULL,0,NULL,NULL,NULL,0,0,0,0,NULL
30314,NULL,2000,2000,1006008,30313,0,0,NULL,0,NULL,NULL,NULL,0,0,0,0,NULL
30544,NULL,2000,2028,2000066,30543,0,0,NULL,0,NULL,NULL,NULL,0,0,0,0,NULL
30545,NULL,2000,2028,2000067,30544,0,0,NULL,0,NULL,NULL,NULL,0,0,0,0,NULL
30310,NULL,2000,2043,1006000,30309,0,0,NULL,0,NULL,NULL,NULL,0,0,0,0,NULL
30544,NULL,2000,2043,2000066,30543,0,0,NULL,0,NULL,NULL,NULL,0,0,0,0,NULL
30545,NULL,2000,2043,2000067,30544,0,0,NULL,0,NULL,NULL,NULL,0,0,0,0,NULL
30546,NULL,2000,2043,2000068,30545,0,0,NULL,0,NULL,NULL,NULL,0,0,0,0,NULL
30551,NULL,2000,2043,2000069,30550,0,0,NULL,0,NULL,NULL,NULL,0,0,0,0,NULL
30244,NULL,2000,2046,1003690,30243,0,0,NULL,0,NULL,NULL,NULL,0,0,0,0,NULL
30253,NULL,2000,2035,1003756,30252,0,0,NULL,0,NULL,NULL,NULL,0,0,0,0,NULL
30254,NULL,2000,2035,1003762,30253,0,0,NULL,0,NULL,NULL,NULL,0,0,0,0,NULL
30002,NULL,2000,4036,1000003,30001,0,0,NULL,0,NULL,NULL,NULL,0,0,0,0,NULL
30002,NULL,2000,4078,1000003,30001,0,0,NULL,0,NULL,NULL,NULL,0,0,0,0,NULL
30546,NULL,2000,4078,2000068,30545,0,0,NULL,0,NULL,NULL,NULL,0,0,0,0,NULL
30551,NULL,2000,4078,2000069,30550,0,0,NULL,0,NULL,NULL,NULL,0,0,0,0,NULL
30002,NULL,2000,4079,1000003,30001,0,0,NULL,0,NULL,NULL,NULL,0,0,0,0,NULL
30002,NULL,2000,4069,1000003,30001,0,0,NULL,0,NULL,NULL,NULL,0,0,0,0,NULL
30158,NULL,2000,4000,1002400,30157,0,0,NULL,0,NULL,NULL,NULL,0,0,0,0,NULL
30002,NULL,2000,4000,1000003,30001,0,0,NULL,0,NULL,NULL,NULL,0,0,0,0,NULL
30007,NULL,2000,4000,1000012,30006,0,0,NULL,0,NULL,NULL,NULL,0,0,0,0,NULL
30151,NULL,2000,4000,1002038,30150,0,0,NULL,0,NULL,NULL,NULL,0,0,0,0,NULL
30152,NULL,2000,4000,1002044,30151,0,0,NULL,0,NULL,NULL,NULL,0,0,0,0,NULL
30187,NULL,2000,4000,1003015,30186,0,0,NULL,0,NULL,NULL,NULL,0,0,0,0,NULL
30190,NULL,2000,4000,1003021,30189,0,0,NULL,0,NULL,NULL,NULL,0,0,0,0,NULL
30266,NULL,2000,4000,1004009,30265,0,0,NULL,0,NULL,NULL,NULL,0,0,0,0,NULL
30312,NULL,2000,4000,1006004,30311,0,0,NULL,0,NULL,NULL,NULL,0,0,0,0,NULL
30002,NULL,2000,4055,1000003,30001,0,0,NULL,0,NULL,NULL,NULL,0,0,0,0,NULL
30083,NULL,2004,2004,1000762,30082,0,0,NULL,0,NULL,NULL,NULL,0,0,0,0,NULL
30201,NULL,2004,1002,1003102,30200,0,0,NULL,0,NULL,NULL,NULL,0,0,0,0,NULL
30161,NULL,2004,1002,1002430,30160,0,0,NULL,0,NULL,NULL,NULL,0,0,0,0,NULL
30226,NULL,2004,1002,1003639,30225,0,0,NULL,0,NULL,NULL,NULL,0,0,0,0,NULL
30080,NULL,2004,1002,1000720,30079,0,0,NULL,0,NULL,NULL,NULL,0,0,0,0,NULL
30160,NULL,2004,1002,1002427,30159,0,0,NULL,0,NULL,NULL,NULL,0,0,0,0,NULL
30159,NULL,2004,1002,1002424,30158,0,0,NULL,0,NULL,NULL,NULL,0,0,0,0,NULL
30509,NULL,2004,1002,2000041,30508,0,0,NULL,0,NULL,NULL,NULL,0,0,0,0,NULL
30546,NULL,2004,4080,2000068,30545,0,0,NULL,0,NULL,NULL,NULL,0,0,0,0,NULL
30551,NULL,2004,4080,2000069,30550,0,0,NULL,0,NULL,NULL,NULL,0,0,0,0,NULL
30463,NULL,2004,4005,2000032,30462,0,0,NULL,0,NULL,NULL,NULL,0,0,0,0,NULL
30323,NULL,2001,2046,1006032,30322,0,0,NULL,0,NULL,NULL,NULL,0,0,0,0,NULL
30008,NULL,2028,2000,1000120,30007,0,0,NULL,0,NULL,NULL,NULL,0,0,0,0,NULL
30318,NULL,2028,2000,1006022,30317,0,0,NULL,0,NULL,NULL,NULL,0,0,0,0,NULL
30319,NULL,2028,2000,1006024,30318,0,0,NULL,0,NULL,NULL,NULL,0,0,0,0,NULL
30320,NULL,2028,2000,1006026,30319,0,0,NULL,0,NULL,NULL,NULL,0,0,0,0,NULL
30419,NULL,2028,2000,1007218,30418,0,0,NULL,0,NULL,NULL,NULL,0,0,0,0,NULL
30421,NULL,2028,2000,1007220,30420,0,0,NULL,0,NULL,NULL,NULL,0,0,0,0,NULL
30425,NULL,2028,2000,1007222,30424,0,0,NULL,0,NULL,NULL,NULL,0,0,0,0,NULL
30321,NULL,2028,2004,1006028,30320,0,0,NULL,0,NULL,NULL,NULL,0,0,0,0,NULL
30419,NULL,2028,2004,1007218,30418,0,0,NULL,0,NULL,NULL,NULL,0,0,0,0,NULL
30421,NULL,2028,2004,1007220,30420,0,0,NULL,0,NULL,NULL,NULL,0,0,0,0,NULL
30425,NULL,2028,2004,1007222,30424,0,0,NULL,0,NULL,NULL,NULL,0,0,0,0,NULL
30418,NULL,2047,2000,1007214,30417,0,0,NULL,0,NULL,NULL,NULL,0,0,0,0,NULL
30419,NULL,2047,2000,1007218,30418,0,0,NULL,0,NULL,NULL,NULL,0,0,0,0,NULL
30421,NULL,2047,2000,1007220,30420,0,0,NULL,0,NULL,NULL,NULL,0,0,0,0,NULL
30425,NULL,2047,2000,1007222,30424,0,0,NULL,0,NULL,NULL,NULL,0,0,0,0,NULL
30450,NULL,2043,2000,2000021,30449,0,0,NULL,0,NULL,NULL,NULL,0,0,0,0,NULL
30149,NULL,2045,2000,1002020,30148,0,0,NULL,0,NULL,NULL,NULL,0,0,0,0,NULL
30215,NULL,2045,2000,1003509,30214,0,0,NULL,0,NULL,NULL,NULL,0,0,0,0,NULL
30315,NULL,2045,2000,1006012,30314,0,0,NULL,0,NULL,NULL,NULL,0,0,0,0,NULL
30316,NULL,2045,2000,1006014,30315,0,0,NULL,0,NULL,NULL,NULL,0,0,0,0,NULL
30215,NULL,2045,2043,1003509,30214,0,0,NULL,0,NULL,NULL,NULL,0,0,0,0,NULL
30013,NULL,2046,2000,1000498,30012,0,0,NULL,0,NULL,NULL,NULL,0,0,0,0,NULL
30246,NULL,2046,2000,1003693,30245,0,0,NULL,0,NULL,NULL,NULL,0,0,0,0,NULL
30324,NULL,2046,2001,1006034,30323,0,0,NULL,0,NULL,NULL,NULL,0,0,0,0,NULL
30325,NULL,2036,2001,1006036,30324,0,0,NULL,0,NULL,NULL,NULL,0,0,0,0,NULL
30212,NULL,2035,2000,1003409,30211,0,0,NULL,0,NULL,NULL,NULL,0,0,0,0,NULL
30214,NULL,2009,2000,1003506,30213,0,0,NULL,0,NULL,NULL,NULL,0,0,0,0,NULL
30219,NULL,2009,2000,1003521,30218,0,0,NULL,0,NULL,NULL,NULL,0,0,0,0,NULL
30539,NULL,2009,2000,2000063,30538,0,0,NULL,0,NULL,NULL,NULL,0,0,0,0,NULL
30146,NULL,2049,2000,1002017,30145,0,0,NULL,0,NULL,NULL,NULL,0,0,0,0,NULL
30357,NULL,2023,2000,1007130,30356,0,0,NULL,0,NULL,NULL,NULL,0,0,0,0,NULL
30359,NULL,2023,2000,1007132,30358,0,0,NULL,0,NULL,NULL,NULL,0,0,0,0,NULL
30546,NULL,3000,4078,2000068,30545,0,0,NULL,0,NULL,NULL,NULL,0,0,0,0,NULL
30551,NULL,3000,4078,2000069,30550,0,0,NULL,0,NULL,NULL,NULL,0,0,0,0,NULL
30546,NULL,3000,4080,2000068,30545,0,0,NULL,0,NULL,NULL,NULL,0,0,0,0,NULL
30551,NULL,3000,4080,2000069,30550,0,0,NULL,0,NULL,NULL,NULL,0,0,0,0,NULL
30223,NULL,4000,4000,1003613,30222,0,0,NULL,0,NULL,NULL,NULL,0,0,0,0,NULL
30339,NULL,4000,4036,1007004,30338,0,0,NULL,0,NULL,NULL,NULL,0,0,0,0,NULL
30332,NULL,4000,4078,1006994,30331,0,0,NULL,0,NULL,NULL,NULL,0,0,0,0,NULL
30333,NULL,4000,4078,1006996,30332,0,0,NULL,0,NULL,NULL,NULL,0,0,0,0,NULL
30533,NULL,4000,4078,2000059,30532,0,0,NULL,0,NULL,NULL,NULL,0,0,0,0,NULL
30546,NULL,4000,4078,2000068,30545,0,0,NULL,0,NULL,NULL,NULL,0,0,0,0,NULL
30551,NULL,4000,4078,2000069,30550,0,0,NULL,0,NULL,NULL,NULL,0,0,0,0,NULL
30326,NULL,4000,4079,1006984,30325,0,0,NULL,0,NULL,NULL,NULL,0,0,0,0,NULL
30533,NULL,4000,4079,2000059,30532,0,0,NULL,0,NULL,NULL,NULL,0,0,0,0,NULL
30569,NULL,4000,4079,2000083,30568,0,0,NULL,0,NULL,NULL,NULL,0,0,0,0,NULL
30330,NULL,4000,4080,1006990,30329,0,0,NULL,0,NULL,NULL,NULL,0,0,0,0,NULL
30533,NULL,4000,4080,2000059,30532,0,0,NULL,0,NULL,NULL,NULL,0,0,0,0,NULL
30546,NULL,4000,4080,2000068,30545,0,0,NULL,0,NULL,NULL,NULL,0,0,0,0,NULL
30551,NULL,4000,4080,2000069,30550,0,0,NULL,0,NULL,NULL,NULL,0,0,0,0,NULL
30244,NULL,4000,4081,1003690,30243,0,0,NULL,0,NULL,NULL,NULL,0,0,0,0,NULL
30019,NULL,4000,4081,1000544,30018,0,0,NULL,0,NULL,NULL,NULL,0,0,0,0,NULL
30146,NULL,4000,4069,1002017,30145,0,0,NULL,0,NULL,NULL,NULL,0,0,0,0,NULL
30229,NULL,4000,4069,1003645,30228,0,0,NULL,0,NULL,NULL,NULL,0,0,0,0,NULL
30075,NULL,4000,4069,1000660,30074,0,0,NULL,0,NULL,NULL,NULL,0,0,0,0,NULL
30222,NULL,4000,4069,1003612,30221,0,0,NULL,0,NULL,NULL,NULL,0,0,0,0,NULL
30250,NULL,4000,4069,1003730,30249,0,0,NULL,0,NULL,NULL,NULL,0,0,0,0,NULL
30074,NULL,4000,4069,1000654,30073,0,0,NULL,0,NULL,NULL,NULL,0,0,0,0,NULL
30183,NULL,4000,4069,1002769,30182,0,0,NULL,0,NULL,NULL,NULL,0,0,0,0,NULL
30198,NULL,4000,4069,1003072,30197,0,0,NULL,0,NULL,NULL,NULL,0,0,0,0,NULL
30021,NULL,4000,4069,1000547,30020,0,0,NULL,0,NULL,NULL,NULL,0,0,0,0,NULL
30533,NULL,4000,4069,2000059,30532,0,0,NULL,0,NULL,NULL,NULL,0,0,0,0,NULL
30539,NULL,4000,4069,2000063,30538,0,0,NULL,0,NULL,NULL,NULL,0,0,0,0,NULL
30582,NULL,4000,4038,2000095,30581,0,0,NULL,0,NULL,NULL,NULL,0,0,0,0,NULL
30353,NULL,4000,4089,1007122,30352,0,0,NULL,0,NULL,NULL,NULL,0,0,0,0,NULL
30448,NULL,4000,4055,2000019,30447,0,0,NULL,0,NULL,NULL,NULL,0,0,0,0,NULL
30338,NULL,4000,4033,1007003,30337,0,0,NULL,0,NULL,NULL,NULL,0,0,0,0,NULL
30364,NULL,4000,4068,1007140,30363,0,0,NULL,0,NULL,NULL,NULL,0,0,0,0,NULL
30215,NULL,4080,4078,1003509,30214,0,0,NULL,0,NULL,NULL,NULL,0,0,0,0,NULL
30215,NULL,4080,4079,1003509,30214,0,0,NULL,0,NULL,NULL,NULL,0,0,0,0,NULL
30229,NULL,4080,4000,1003645,30228,0,0,NULL,0,NULL,NULL,NULL,0,0,0,0,NULL
30149,NULL,4080,4000,1002020,30148,0,0,NULL,0,NULL,NULL,NULL,0,0,0,0,NULL
30215,NULL,4080,4000,1003509,30214,0,0,NULL,0,NULL,NULL,NULL,0,0,0,0,NULL
30023,NULL,4080,4000,1000549,30022,0,0,NULL,0,NULL,NULL,NULL,0,0,0,0,NULL
30024,NULL,4080,4000,1000550,30023,0,0,NULL,0,NULL,NULL,NULL,0,0,0,0,NULL
30025,NULL,4080,4000,1000573,30024,0,0,NULL,0,NULL,NULL,NULL,0,0,0,0,NULL
30206,NULL,4080,4000,1003177,30205,0,0,NULL,0,NULL,NULL,NULL,0,0,0,0,NULL
30270,NULL,4080,4000,1004030,30269,0,0,NULL,0,NULL,NULL,NULL,0,0,0,0,NULL
30033,NULL,4080,4000,1000579,30032,0,0,NULL,0,NULL,NULL,NULL,0,0,0,0,NULL
30045,NULL,4080,4000,1000630,30044,0,0,NULL,0,NULL,NULL,NULL,0,0,0,0,NULL
30060,NULL,4080,4000,1000645,30059,0,0,NULL,0,NULL,NULL,NULL,0,0,0,0,NULL
30337,NULL,4080,4000,1007002,30336,0,0,NULL,0,NULL,NULL,NULL,0,0,0,0,NULL
30341,NULL,4080,4000,1007007,30340,0,0,NULL,0,NULL,NULL,NULL,0,0,0,0,NULL
30343,NULL,4080,4000,1007009,30342,0,0,NULL,0,NULL,NULL,NULL,0,0,0,0,NULL
30368,NULL,4080,4000,1007146,30367,0,0,NULL,0,NULL,NULL,NULL,0,0,0,0,NULL
30329,NULL,4080,4000,1006988,30328,0,0,NULL,0,NULL,NULL,NULL,0,0,0,0,NULL
30246,NULL,4081,4000,1003693,30245,0,0,NULL,0,NULL,NULL,NULL,0,0,0,0,NULL
30025,NULL,4081,4000,1000573,30024,0,0,NULL,0,NULL,NULL,NULL,0,0,0,0,NULL
30270,NULL,4081,4000,1004030,30269,0,0,NULL,0,NULL,NULL,NULL,0,0,0,0,NULL
30018,NULL,4081,4000,1000543,30017,0,0,NULL,0,NULL,NULL,NULL,0,0,0,0,NULL
30045,NULL,4081,4000,1000630,30044,0,0,NULL,0,NULL,NULL,NULL,0,0,0,0,NULL
30038,NULL,4081,4000,1000605,30037,0,0,NULL,0,NULL,NULL,NULL,0,0,0,0,NULL
30019,NULL,4081,4000,1000544,30018,0,0,NULL,0,NULL,NULL,NULL,0,0,0,0,NULL
30405,NULL,4012,4012,1007196,30404,0,0,NULL,0,NULL,NULL,NULL,0,0,0,0,NULL
30468,NULL,4012,4012,2000033,30467,0,0,NULL,0,NULL,NULL,NULL,0,0,0,0,NULL
30220,NULL,4012,4000,1003530,30219,0,0,NULL,0,NULL,NULL,NULL,0,0,0,0,NULL
30229,NULL,4012,4000,1003645,30228,0,0,NULL,0,NULL,NULL,NULL,0,0,0,0,NULL
30025,NULL,4012,4000,1000573,30024,0,0,NULL,0,NULL,NULL,NULL,0,0,0,0,NULL
30270,NULL,4012,4000,1004030,30269,0,0,NULL,0,NULL,NULL,NULL,0,0,0,0,NULL
30045,NULL,4012,4000,1000630,30044,0,0,NULL,0,NULL,NULL,NULL,0,0,0,0,NULL
30060,NULL,4012,4000,1000645,30059,0,0,NULL,0,NULL,NULL,NULL,0,0,0,0,NULL
30229,NULL,4012,4000,1003645,30228,0,0,NULL,0,NULL,NULL,NULL,0,0,0,0,NULL
30344,NULL,4012,4000,1007010,30343,0,0,NULL,0,NULL,NULL,NULL,0,0,0,0,NULL
30409,NULL,4012,4094,1007204,30408,0,0,NULL,0,NULL,NULL,NULL,0,0,0,0,NULL
30411,NULL,4012,4094,1007206,30410,0,0,NULL,0,NULL,NULL,NULL,0,0,0,0,NULL
30401,NULL,4069,4078,1007194,30400,0,0,NULL,0,NULL,NULL,NULL,0,0,0,0,NULL
30401,NULL,4069,4012,1007194,30400,0,0,NULL,0,NULL,NULL,NULL,0,0,0,0,NULL
30401,NULL,4069,4006,1007194,30400,0,0,NULL,0,NULL,NULL,NULL,0,0,0,0,NULL
30401,NULL,4069,4015,1007194,30400,0,0,NULL,0,NULL,NULL,NULL,0,0,0,0,NULL
30146,NULL,4069,4000,1002017,30145,0,0,NULL,0,NULL,NULL,NULL,0,0,0,0,NULL
30229,NULL,4069,4000,1003645,30228,0,0,NULL,0,NULL,NULL,NULL,0,0,0,0,NULL
30025,NULL,4069,4000,1000573,30024,0,0,NULL,0,NULL,NULL,NULL,0,0,0,0,NULL
30035,NULL,4069,4000,1000591,30034,0,0,NULL,0,NULL,NULL,NULL,0,0,0,0,NULL
30040,NULL,4069,4000,1000618,30039,0,0,NULL,0,NULL,NULL,NULL,0,0,0,0,NULL
30191,NULL,4069,4000,1003024,30190,0,0,NULL,0,NULL,NULL,NULL,0,0,0,0,NULL
30205,NULL,4069,4000,1003162,30204,0,0,NULL,0,NULL,NULL,NULL,0,0,0,0,NULL
30191,NULL,4069,4000,1003024,30190,0,0,NULL,0,NULL,NULL,NULL,0,0,0,0,NULL
30206,NULL,4069,4000,1003177,30205,0,0,NULL,0,NULL,NULL,NULL,0,0,0,0,NULL
30211,NULL,4069,4000,1003406,30210,0,0,NULL,0,NULL,NULL,NULL,0,0,0,0,NULL
30251,NULL,4069,4000,1003738,30250,0,0,NULL,0,NULL,NULL,NULL,0,0,0,0,NULL
30270,NULL,4069,4000,1004030,30269,0,0,NULL,0,NULL,NULL,NULL,0,0,0,0,NULL
30045,NULL,4069,4000,1000630,30044,0,0,NULL,0,NULL,NULL,NULL,0,0,0,0,NULL
30060,NULL,4069,4000,1000645,30059,0,0,NULL,0,NULL,NULL,NULL,0,0,0,0,NULL
30036,NULL,4069,4000,1000592,30035,0,0,NULL,0,NULL,NULL,NULL,0,0,0,0,NULL
30242,NULL,4069,4000,1003649,30241,0,0,NULL,0,NULL,NULL,NULL,0,0,0,0,NULL
30021,NULL,4069,4000,1000547,30020,0,0,NULL,0,NULL,NULL,NULL,0,0,0,0,NULL
30346,NULL,4069,4000,1007114,30345,0,0,NULL,0,NULL,NULL,NULL,0,0,0,0,NULL
30347,NULL,4069,4000,1007116,30346,0,0,NULL,0,NULL,NULL,NULL,0,0,0,0,NULL
30348,NULL,4069,4000,1007118,30347,0,0,NULL,0,NULL,NULL,NULL,0,0,0,0,NULL
30372,NULL,4069,4000,1007150,30371,0,0,NULL,0,NULL,NULL,NULL,0,0,0,0,NULL
30411,NULL,4069,4094,1007206,30410,0,0,NULL,0,NULL,NULL,NULL,0,0,0,0,NULL
30249,NULL,4006,4000,1003711,30248,0,0,NULL,0,NULL,NULL,NULL,0,0,0,0,NULL
30025,NULL,4006,4000,1000573,30024,0,0,NULL,0,NULL,NULL,NULL,0,0,0,0,NULL
30040,NULL,4006,4000,1000618,30039,0,0,NULL,0,NULL,NULL,NULL,0,0,0,0,NULL
30270,NULL,4006,4000,1004030,30269,0,0,NULL,0,NULL,NULL,NULL,0,0,0,0,NULL
30045,NULL,4006,4000,1000630,30044,0,0,NULL,0,NULL,NULL,NULL,0,0,0,0,NULL
30060,NULL,4006,4000,1000645,30059,0,0,NULL,0,NULL,NULL,NULL,0,0,0,0,NULL
30036,NULL,4006,4000,1000592,30035,0,0,NULL,0,NULL,NULL,NULL,0,0,0,0,NULL
30458,NULL,4006,1000,2000025,30457,0,0,NULL,0,NULL,NULL,NULL,0,0,0,0,NULL
30397,NULL,4015,4015,1007188,30396,0,0,NULL,0,NULL,NULL,NULL,0,0,0,0,NULL
30025,NULL,4015,4000,1000573,30024,0,0,NULL,0,NULL,NULL,NULL,0,0,0,0,NULL
30270,NULL,4015,4000,1004030,30269,0,0,NULL,0,NULL,NULL,NULL,0,0,0,0,NULL
30034,NULL,4015,4000,1000582,30033,0,0,NULL,0,NULL,NULL,NULL,0,0,0,0,NULL
30045,NULL,4015,4000,1000630,30044,0,0,NULL,0,NULL,NULL,NULL,0,0,0,0,NULL
30060,NULL,4015,4000,1000645,30059,0,0,NULL,0,NULL,NULL,NULL,0,0,0,0,NULL
30248,NULL,4015,4000,1003705,30247,0,0,NULL,0,NULL,NULL,NULL,0,0,0,0,NULL
30354,NULL,4015,4000,1007124,30353,0,0,NULL,0,NULL,NULL,NULL,0,0,0,0,NULL
30355,NULL,4015,4000,1007126,30354,0,0,NULL,0,NULL,NULL,NULL,0,0,0,0,NULL
30414,NULL,4094,4012,1007208,30413,0,0,NULL,0,NULL,NULL,NULL,0,0,0,0,NULL
30416,NULL,4094,4012,1007212,30415,0,0,NULL,0,NULL,NULL,NULL,0,0,0,0,NULL
30415,NULL,4094,4000,1007210,30414,0,0,NULL,0,NULL,NULL,NULL,0,0,0,0,NULL
30416,NULL,4094,4000,1007212,30415,0,0,NULL,0,NULL,NULL,NULL,0,0,0,0,NULL
30546,NULL,4054,4080,2000068,30545,0,0,NULL,0,NULL,NULL,NULL,0,0,0,0,NULL
30551,NULL,4054,4080,2000069,30550,0,0,NULL,0,NULL,NULL,NULL,0,0,0,0,NULL
30349,NULL,4022,4069,1007120,30348,0,0,NULL,0,NULL,NULL,NULL,0,0,0,0,NULL
30078,NULL,4021,4078,1000708,30077,0,0,NULL,0,NULL,NULL,NULL,0,0,0,0,NULL
30257,NULL,4021,4078,1003771,30256,0,0,NULL,0,NULL,NULL,NULL,0,0,0,0,NULL
30387,NULL,4021,4020,1007176,30386,0,0,NULL,0,NULL,NULL,NULL,0,0,0,0,NULL
30385,NULL,4021,4091,1007172,30384,0,0,NULL,0,NULL,NULL,NULL,0,0,0,0,NULL
30386,NULL,4021,4091,1007174,30385,0,0,NULL,0,NULL,NULL,NULL,0,0,0,0,NULL
30257,NULL,4020,4089,1003771,30256,0,0,NULL,0,NULL,NULL,NULL,0,0,0,0,NULL
30079,NULL,4020,4089,1000711,30078,0,0,NULL,0,NULL,NULL,NULL,0,0,0,0,NULL
30349,NULL,4020,4089,1007120,30348,0,0,NULL,0,NULL,NULL,NULL,0,0,0,0,NULL
30349,NULL,4091,4069,1007120,30348,0,0,NULL,0,NULL,NULL,NULL,0,0,0,0,NULL
30349,NULL,4093,4069,1007120,30348,0,0,NULL,0,NULL,NULL,NULL,0,0,0,0,NULL
30229,NULL,4005,4000,1003645,30228,0,0,NULL,0,NULL,NULL,NULL,0,0,0,0,NULL
30242,NULL,4005,4000,1003649,30241,0,0,NULL,0,NULL,NULL,NULL,0,0,0,0,NULL
30060,NULL,4005,4000,1000645,30059,0,0,NULL,0,NULL,NULL,NULL,0,0,0,0,NULL
30220,NULL,4011,4000,1003530,30219,0,0,NULL,0,NULL,NULL,NULL,0,0,0,0,NULL
30468,NULL,4011,4011,2000033,30467,0,0,NULL,0,NULL,NULL,NULL,0,0,0,0,NULL
30205,NULL,4087,4000,1003162,30204,0,0,NULL,0,NULL,NULL,NULL,0,0,0,0,NULL
30379,NULL,4087,4084,1007164,30378,0,0,NULL,0,NULL,NULL,NULL,0,0,0,0,NULL
30372,NULL,4083,4000,1007150,30371,0,0,NULL,0,NULL,NULL,NULL,0,0,0,0,NULL
30375,NULL,4083,4000,1007152,30374,0,0,NULL,0,NULL,NULL,NULL,0,0,0,0,NULL
30377,NULL,4055,4000,1007160,30376,0,0,NULL,0,NULL,NULL,NULL,0,0,0,0,NULL
30378,NULL,4055,4000,1007162,30377,0,0,NULL,0,NULL,NULL,NULL,0,0,0,0,NULL
30334,NULL,4003,4000,1006998,30333,0,0,NULL,0,NULL,NULL,NULL,0,0,0,0,NULL
30335,NULL,4028,4000,1007000,30334,0,0,NULL,0,NULL,NULL,NULL,0,0,0,0,NULL
30356,NULL,4028,4000,1007128,30355,0,0,NULL,0,NULL,NULL,NULL,0,0,0,0,NULL
30357,NULL,4028,4000,1007130,30356,0,0,NULL,0,NULL,NULL,NULL,0,0,0,0,NULL
30359,NULL,4028,4000,1007132,30358,0,0,NULL,0,NULL,NULL,NULL,0,0,0,0,NULL
30336,NULL,4028,4003,1007001,30335,0,0,NULL,0,NULL,NULL,NULL,0,0,0,0,NULL
30025,NULL,4035,4000,1000573,30024,0,0,NULL,0,NULL,NULL,NULL,0,0,0,0,NULL
30270,NULL,4035,4000,1004030,30269,0,0,NULL,0,NULL,NULL,NULL,0,0,0,0,NULL
30043,NULL,4035,4000,1000621,30042,0,0,NULL,0,NULL,NULL,NULL,0,0,0,0,NULL
30045,NULL,4035,4000,1000630,30044,0,0,NULL,0,NULL,NULL,NULL,0,0,0,0,NULL
30060,NULL,4035,4000,1000645,30059,0,0,NULL,0,NULL,NULL,NULL,0,0,0,0,NULL
30039,NULL,4035,4000,1000606,30038,0,0,NULL,0,NULL,NULL,NULL,0,0,0,0,NULL
30361,NULL,4035,4000,1007134,30360,0,0,NULL,0,NULL,NULL,NULL,0,0,0,0,NULL
30362,NULL,4035,4000,1007136,30361,0,0,NULL,0,NULL,NULL,NULL,0,0,0,0,NULL
30363,NULL,4035,4000,1007138,30362,0,0,NULL,0,NULL,NULL,NULL,0,0,0,0,NULL
30269,NULL,4035,4000,1004024,30268,0,0,NULL,0,NULL,NULL,NULL,0,0,0,0,NULL
30380,NULL,4013,4013,1007166,30379,0,0,NULL,0,NULL,NULL,NULL,0,0,0,0,NULL
30025,NULL,4023,4000,1000573,30024,0,0,NULL,0,NULL,NULL,NULL,0,0,0,0,NULL
30040,NULL,4023,4000,1000618,30039,0,0,NULL,0,NULL,NULL,NULL,0,0,0,0,NULL
30270,NULL,4023,4000,1004030,30269,0,0,NULL,0,NULL,NULL,NULL,0,0,0,0,NULL
30043,NULL,4023,4000,1000621,30042,0,0,NULL,0,NULL,NULL,NULL,0,0,0,0,NULL
30045,NULL,4023,4000,1000630,30044,0,0,NULL,0,NULL,NULL,NULL,0,0,0,0,NULL
30060,NULL,4023,4000,1000645,30059,0,0,NULL,0,NULL,NULL,NULL,0,0,0,0,NULL
30537,NULL,4023,4000,2000061,30536,0,0,NULL,0,NULL,NULL,NULL,0,0,0,0,NULL
30252,NULL,4023,2000,1003753,30251,0,0,NULL,0,NULL,NULL,NULL,0,0,0,0,NULL
30536,NULL,4023,2000,2000060,30535,0,0,NULL,0,NULL,NULL,NULL,0,0,0,0,NULL
30537,NULL,4023,2000,2000061,30536,0,0,NULL,0,NULL,NULL,NULL,0,0,0,0,NULL
30229,NULL,4036,4000,1003645,30228,0,0,NULL,0,NULL,NULL,NULL,0,0,0,0,NULL
30206,NULL,4036,4000,1003177,30205,0,0,NULL,0,NULL,NULL,NULL,0,0,0,0,NULL
30270,NULL,4036,4000,1004030,30269,0,0,NULL,0,NULL,NULL,NULL,0,0,0,0,NULL
30045,NULL,4036,4000,1000630,30044,0,0,NULL,0,NULL,NULL,NULL,0,0,0,0,NULL
30060,NULL,4036,4000,1000645,30059,0,0,NULL,0,NULL,NULL,NULL,0,0,0,0,NULL
30145,NULL,4036,4000,1002000,30144,0,0,NULL,0,NULL,NULL,NULL,0,0,0,0,NULL
30059,NULL,4036,4000,1000632,30058,0,0,NULL,0,NULL,NULL,NULL,0,0,0,0,NULL
30076,NULL,4036,4000,1000662,30075,0,0,NULL,0,NULL,NULL,NULL,0,0,0,0,NULL
30340,NULL,4036,4000,1007006,30339,0,0,NULL,0,NULL,NULL,NULL,0,0,0,0,NULL
30365,NULL,4036,4000,1007142,30364,0,0,NULL,0,NULL,NULL,NULL,0,0,0,0,NULL
30372,NULL,4036,4000,1007150,30371,0,0,NULL,0,NULL,NULL,NULL,0,0,0,0,NULL
30376,NULL,4036,4000,1007154,30375,0,0,NULL,0,NULL,NULL,NULL,0,0,0,0,NULL
30328,NULL,4036,4000,1006986,30327,0,0,NULL,0,NULL,NULL,NULL,0,0,0,0,NULL
30561,NULL,4036,4000,2000076,30560,0,0,NULL,0,NULL,NULL,NULL,0,0,0,0,NULL
30419,NULL,4036,4000,1007218,30418,0,0,NULL,0,NULL,NULL,NULL,0,0,0,0,NULL
30421,NULL,4036,4000,1007220,30420,0,0,NULL,0,NULL,NULL,NULL,0,0,0,0,NULL
30425,NULL,4036,4000,1007222,30424,0,0,NULL,0,NULL,NULL,NULL,0,0,0,0,NULL
30581,NULL,4038,4000,2000094,30580,0,0,NULL,0,NULL,NULL,NULL,0,0,0,0,NULL
30582,NULL,4038,4000,2000095,30581,0,0,NULL,0,NULL,NULL,NULL,0,0,0,0,NULL
30419,NULL,4038,4000,1007218,30418,0,0,NULL,0,NULL,NULL,NULL,0,0,0,0,NULL
30421,NULL,4038,4000,1007220,30420,0,0,NULL,0,NULL,NULL,NULL,0,0,0,0,NULL
30425,NULL,4038,4000,1007222,30424,0,0,NULL,0,NULL,NULL,NULL,0,0,0,0,NULL
30371,NULL,4039,4000,1007148,30370,0,0,NULL,0,NULL,NULL,NULL,0,0,0,0,NULL
30240,NULL,4078,4078,1003647,30239,0,0,NULL,0,NULL,NULL,NULL,0,0,0,0,NULL
30229,NULL,4078,4000,1003645,30228,0,0,NULL,0,NULL,NULL,NULL,0,0,0,0,NULL
30239,NULL,4078,4000,1003646,30238,0,0,NULL,0,NULL,NULL,NULL,0,0,0,0,NULL
30206,NULL,4078,4000,1003177,30205,0,0,NULL,0,NULL,NULL,NULL,0,0,0,0,NULL
30270,NULL,4078,4000,1004030,30269,0,0,NULL,0,NULL,NULL,NULL,0,0,0,0,NULL
30045,NULL,4078,4000,1000630,30044,0,0,NULL,0,NULL,NULL,NULL,0,0,0,0,NULL
30060,NULL,4078,4000,1000645,30059,0,0,NULL,0,NULL,NULL,NULL,0,0,0,0,NULL
30342,NULL,4078,4000,1007008,30341,0,0,NULL,0,NULL,NULL,NULL,0,0,0,0,NULL
30365,NULL,4078,4000,1007142,30364,0,0,NULL,0,NULL,NULL,NULL,0,0,0,0,NULL
30367,NULL,4078,4000,1007144,30366,0,0,NULL,0,NULL,NULL,NULL,0,0,0,0,NULL
30368,NULL,4078,4000,1007146,30367,0,0,NULL,0,NULL,NULL,NULL,0,0,0,0,NULL
30450,NULL,4078,4000,2000021,30449,0,0,NULL,0,NULL,NULL,NULL,0,0,0,0,NULL
30331,NULL,4078,4000,1006992,30330,0,0,NULL,0,NULL,NULL,NULL,0,0,0,0,NULL
30561,NULL,4078,4000,2000076,30560,0,0,NULL,0,NULL,NULL,NULL,0,0,0,0,NULL
30408,NULL,4078,4013,1007202,30407,0,0,NULL,0,NULL,NULL,NULL,0,0,0,0,NULL
30456,NULL,4078,4079,2000023,30455,0,0,NULL,0,NULL,NULL,NULL,0,0,0,0,NULL
30406,NULL,4078,4080,1007198,30405,0,0,NULL,0,NULL,NULL,NULL,0,0,0,0,NULL
30229,NULL,4079,4000,1003645,30228,0,0,NULL,0,NULL,NULL,NULL,0,0,0,0,NULL
30241,NULL,4079,4000,1003648,30240,0,0,NULL,0,NULL,NULL,NULL,0,0,0,0,NULL
30206,NULL,4079,4000,1003177,30205,0,0,NULL,0,NULL,NULL,NULL,0,0,0,0,NULL
30270,NULL,4079,4000,1004030,30269,0,0,NULL,0,NULL,NULL,NULL,0,0,0,0,NULL
30045,NULL,4079,4000,1000630,30044,0,0,NULL,0,NULL,NULL,NULL,0,0,0,0,NULL
30060,NULL,4079,4000,1000645,30059,0,0,NULL,0,NULL,NULL,NULL,0,0,0,0,NULL
30326,NULL,4079,4000,1006984,30325,0,0,NULL,0,NULL,NULL,NULL,0,0,0,0,NULL
30453,NULL,4079,4000,2000022,30452,0,0,NULL,0,NULL,NULL,NULL,0,0,0,0,NULL
30527,NULL,4079,4000,2000056,30526,0,0,NULL,0,NULL,NULL,NULL,0,0,0,0,NULL
30561,NULL,4079,4000,2000076,30560,0,0,NULL,0,NULL,NULL,NULL,0,0,0,0,NULL
30453,NULL,4079,4078,2000022,30452,0,0,NULL,0,NULL,NULL,NULL,0,0,0,0,NULL
30453,NULL,4079,4079,2000022,30452,0,0,NULL,0,NULL,NULL,NULL,0,0,0,0,NULL
30381,NULL,5005,4000,1007168,30380,0,0,NULL,0,NULL,NULL,NULL,0,0,0,0,NULL
30518,NULL,6003,6053,2000048,30517,0,0,NULL,0,NULL,NULL,NULL,0,0,0,0,NULL
30519,NULL,6003,6053,2000049,30518,0,0,NULL,0,NULL,NULL,NULL,0,0,0,0,NULL
30262,NULL,6003,1000,1004006,30261,0,0,NULL,0,NULL,NULL,NULL,0,0,0,0,NULL
30176,NULL,6003,1000,1002721,30175,0,0,NULL,0,NULL,NULL,NULL,0,0,0,0,NULL
30127,NULL,6003,1000,1001811,30126,0,0,NULL,0,NULL,NULL,NULL,0,0,0,0,NULL
30134,NULL,6003,1000,1001933,30133,0,0,NULL,0,NULL,NULL,NULL,0,0,0,0,NULL
30166,NULL,6003,1000,1002624,30165,0,0,NULL,0,NULL,NULL,NULL,0,0,0,0,NULL
30171,NULL,6003,1000,1002718,30170,0,0,NULL,0,NULL,NULL,NULL,0,0,0,0,NULL
30390,NULL,6003,1043,1007182,30389,0,0,NULL,0,NULL,NULL,NULL,0,0,0,0,NULL
30083,NULL,6003,2000,1000762,30082,0,0,NULL,0,NULL,NULL,NULL,0,0,0,0,NULL
30262,NULL,6003,2000,1004006,30261,0,0,NULL,0,NULL,NULL,NULL,0,0,0,0,NULL
30262,NULL,6003,3000,1004006,30261,0,0,NULL,0,NULL,NULL,NULL,0,0,0,0,NULL
30176,NULL,6002,6005,1002721,30175,0,0,NULL,0,NULL,NULL,NULL,0,0,0,0,NULL
30127,NULL,6002,6005,1001811,30126,0,0,NULL,0,NULL,NULL,NULL,0,0,0,0,NULL
30134,NULL,6002,6005,1001933,30133,0,0,NULL,0,NULL,NULL,NULL,0,0,0,0,NULL
30166,NULL,6002,6005,1002624,30165,0,0,NULL,0,NULL,NULL,NULL,0,0,0,0,NULL
30171,NULL,6002,6005,1002718,30170,0,0,NULL,0,NULL,NULL,NULL,0,0,0,0,NULL
30567,NULL,6002,6002,2000080,30566,0,0,NULL,0,NULL,NULL,NULL,0,0,0,0,NULL
30390,NULL,6002,1001,1007182,30389,0,0,NULL,0,NULL,NULL,NULL,0,0,0,0,NULL
30176,NULL,6005,1000,1002721,30175,0,0,NULL,0,NULL,NULL,NULL,0,0,0,0,NULL
30127,NULL,6005,1000,1001811,30126,0,0,NULL,0,NULL,NULL,NULL,0,0,0,0,NULL
30134,NULL,6005,1000,1001933,30133,0,0,NULL,0,NULL,NULL,NULL,0,0,0,0,NULL
30166,NULL,6005,1000,1002624,30165,0,0,NULL,0,NULL,NULL,NULL,0,0,0,0,NULL
30171,NULL,6005,1000,1002718,30170,0,0,NULL,0,NULL,NULL,NULL,0,0,0,0,NULL
30390,NULL,6005,1043,1007182,30389,0,0,NULL,0,NULL,NULL,NULL,0,0,0,0,NULL
30176,NULL,6082,1000,1002721,30175,0,0,NULL,0,NULL,NULL,NULL,0,0,0,0,NULL
30127,NULL,6082,1000,1001811,30126,0,0,NULL,0,NULL,NULL,NULL,0,0,0,0,NULL
30134,NULL,6082,1000,1001933,30133,0,0,NULL,0,NULL,NULL,NULL,0,0,0,0,NULL
30166,NULL,6082,1000,1002624,30165,0,0,NULL,0,NULL,NULL,NULL,0,0,0,0,NULL
30171,NULL,6082,1000,1002718,30170,0,0,NULL,0,NULL,NULL,NULL,0,0,0,0,NULL
30390,NULL,6082,1041,1007182,30389,0,0,NULL,0,NULL,NULL,NULL,0,0,0,0,NULL
30191,NULL,6017,4000,1003024,30190,0,0,NULL,0,NULL,NULL,NULL,0,0,0,0,NULL
30266,NULL,6017,4000,1004009,30265,0,0,NULL,0,NULL,NULL,NULL,0,0,0,0,NULL
30188,NULL,6017,4000,1003018,30187,0,0,NULL,0,NULL,NULL,NULL,0,0,0,0,NULL
30080,NULL,6017,4000,1000720,30079,0,0,NULL,0,NULL,NULL,NULL,0,0,0,0,NULL
30229,NULL,6017,4005,1003645,30228,0,0,NULL,0,NULL,NULL,NULL,0,0,0,0,NULL
30546,NULL,6017,4078,2000068,30545,0,0,NULL,0,NULL,NULL,NULL,0,0,0,0,NULL
30551,NULL,6017,4078,2000069,30550,0,0,NULL,0,NULL,NULL,NULL,0,0,0,0,NULL
30390,NULL,6092,1043,1007182,30389,0,0,NULL,0,NULL,NULL,NULL,0,0,0,0,NULL
30266,NULL,6092,4000,1004009,30265,0,0,NULL,0,NULL,NULL,NULL,0,0,0,0,NULL
30188,NULL,6092,4000,1003018,30187,0,0,NULL,0,NULL,NULL,NULL,0,0,0,0,NULL
30080,NULL,6092,4000,1000720,30079,0,0,NULL,0,NULL,NULL,NULL,0,0,0,0,NULL
30229,NULL,6092,4005,1003645,30228,0,0,NULL,0,NULL,NULL,NULL,0,0,0,0,NULL
30546,NULL,6092,4078,2000068,30545,0,0,NULL,0,NULL,NULL,NULL,0,0,0,0,NULL
30551,NULL,6092,4078,2000069,30550,0,0,NULL,0,NULL,NULL,NULL,0,0,0,0,NULL
30176,NULL,6085,1000,1002721,30175,0,0,NULL,0,NULL,NULL,NULL,0,0,0,0,NULL
30127,NULL,6085,1000,1001811,30126,0,0,NULL,0,NULL,NULL,NULL,0,0,0,0,NULL
30134,NULL,6085,1000,1001933,30133,0,0,NULL,0,NULL,NULL,NULL,0,0,0,0,NULL
30166,NULL,6085,1000,1002624,30165,0,0,NULL,0,NULL,NULL,NULL,0,0,0,0,NULL
30171,NULL,6085,1000,1002718,30170,0,0,NULL,0,NULL,NULL,NULL,0,0,0,0,NULL
30382,NULL,6053,6003,1007170,30381,0,0,NULL,0,NULL,NULL,NULL,0,0,0,0,NULL
30518,NULL,6053,6003,2000048,30517,0,0,NULL,0,NULL,NULL,NULL,0,0,0,0,NULL
30382,NULL,6053,6005,1007170,30381,0,0,NULL,0,NULL,NULL,NULL,0,0,0,0,NULL
30382,NULL,6053,6082,1007170,30381,0,0,NULL,0,NULL,NULL,NULL,0,0,0,0,NULL
30518,NULL,6053,6096,2000048,30517,0,0,NULL,0,NULL,NULL,NULL,0,0,0,0,NULL
30519,NULL,6053,6096,2000049,30518,0,0,NULL,0,NULL,NULL,NULL,0,0,0,0,NULL
