neuron,unique_id,parcel,neurite_id,total_length_avg,total_length_std,total_length_values_count
Granule,1000,DG:SMo:D,5,2258.01,148.10,3
Granule,1000,DG:SMi:D,8,1280.93,121.98,3
Granule,1000,DG:H:A,13,3329.75,628.46,3
Granule,1000,CA3:SP:A,28,805.32,143.50,3
Granule,1000,CA3:SL:A,25,1131.72,0.00,1
"Hilar Ectopic Granule",1041,DG:SMo:D,5,2256.54,0.00,1
"Hilar Ectopic Granule",1041,DG:SMi:D,8,1466.41,0.00,1
"Hilar Ectopic Granule",1041,DG:H:D,14,2475.28,0.00,1
"Hilar Ectopic Granule",1041,DG:H:A,13,1071.09,0.00,1
"Hilar Ectopic Granule",1041,CA3:SL:A,25,536.72,0.00,1
"Semilunar Granule",1001,DG:SMo:D,5,3205.67,710.69,2
"Semilunar Granule",1001,DG:SMi:D,8,1148.95,388.33,2
"Semilunar Granule",1001,DG:SMi:A,7,562.69,68.68,2
"Semilunar Granule",1001,DG:SG:A,10,954.06,407.85,2
"Semilunar Granule",1001,DG:H:A,13,4898.07,548.32,2
"Semilunar Granule",1001,CA3:SL:A,25,657.44,0.00,1
Mossy,1002,DG:SMi:A,7,2104.15,947.97,3
Mossy,1002,DG:H:D,14,4792.85,323.28,3
Mossy,1002,DG:H:A,13,5369.00,622.08,3
"Mossy MOLDEN",1043,DG:SMo:D,5,717.99,0.00,1
"Mossy MOLDEN",1043,DG:SMi:D,8,746.49,0.00,1
"Mossy MOLDEN",1043,DG:SMi:A,7,593.07,0.00,1
"Mossy MOLDEN",1043,DG:SG:D,11,675.05,0.00,1
"Mossy MOLDEN",1043,DG:H:D,14,5259.47,0.00,1
"Mossy MOLDEN",1043,DG:H:A,13,4191.86,0.00,1
AIPRIM,1027,DG:SMo:D,5,915.40,306.70,3
AIPRIM,1027,DG:SMi:D,8,689.15,139.51,3
AIPRIM,1027,DG:SMi:A,7,10238.25,807.61,3
AIPRIM,1027,DG:SG:D,11,783.01,100.71,3
AIPRIM,1027,DG:SG:A,10,2742.74,443.33,3
AIPRIM,1027,DG:H:D,14,3165.04,1183.14,3
AIPRIM,1027,DG:H:A,13,6445.22,877.70,3
"DG Axo-axonic",1010,DG:SMo:D,5,5900.20,0.00,1
"DG Axo-axonic",1010,DG:SMi:D,8,1286.83,0.00,1
"DG Axo-axonic",1010,DG:SG:D,11,807.89,0.00,1
"DG Axo-axonic",1010,DG:SG:A,10,18049.45,0.00,1
"DG Axo-axonic",1010,DG:H:D,14,1935.56,0.00,1
"DG Axo-axonic",1010,DG:H:A,13,10852.41,0.00,1
"DG Basket",1035,DG:SMo:D,5,3167.68,1969.87,2
"DG Basket",1035,DG:SMi:D,8,994.60,243.61,2
"DG Basket",1035,DG:SG:D,11,873.82,316.58,2
"DG Basket",1035,DG:SG:A,10,12050.77,4772.49,2
"DG Basket",1035,DG:H:D,14,1547.35,494.30,2
"DG Basket CCK+",1036,DG:SMo:D,5,3641.47,0.00,1
"DG Basket CCK+",1036,DG:SMi:D,8,1882.92,0.00,1
"DG Basket CCK+",1036,DG:SG:D,11,1468.92,0.00,1
"DG Basket CCK+",1036,DG:SG:A,10,15209.30,0.00,1
"DG Basket CCK+",1036,DG:H:D,14,4085.68,0.00,1
HICAP,1009,DG:SMo:D,5,1157.10,454.00,2
HICAP,1009,DG:SMi:D,8,845.83,297.50,3
HICAP,1009,DG:SMi:A,7,7552.05,389.52,3
HICAP,1009,DG:SG:D,11,652.34,175.91,3
HICAP,1009,DG:H:D,14,1358.54,191.04,3
HIPP,1013,DG:SMo:A,4,21436.79,2279.35,2
HIPP,1013,DG:H:D,14,3600.61,243.91,2
HIPROM,1026,DG:SMo:A,4,8905.29,1710.87,2
HIPROM,1026,DG:SMi:D,8,1166.67,210.80,2
HIPROM,1026,DG:SMi:A,7,5315.62,873.71,2
HIPROM,1026,DG:SG:D,11,1239.41,152.10,2
HIPROM,1026,DG:SG:A,10,4166.24,86.19,2
HIPROM,1026,DG:H:D,14,3538.75,4.34,2
HIPROM,1026,DG:H:A,13,10018.08,631.28,2
HIPROM,1026,CA3:SP:A,28,1623.95,842.29,2
HIPROM,1026,CA3:SL:A,25,2962.27,876.29,2
HIPROM,1026,CA3:SR:A,22,729.19,133.36,2
HIPROM,1026,CA3:SO:A,31,2521.52,1063.99,2
MOCAP,1040,DG:SMi:D,8,748.32,0.00,1
MOCAP,1040,DG:SMi:A,7,4989.40,0.00,1
MOCAP,1040,DG:SG:D,11,509.98,0.00,1
MOCAP,1040,DG:SG:A,10,6203.49,0.00,1
MOCAP,1040,DG:H:A,13,3245.43,0.00,1
MOLAX,1005,DG:SMo:D,5,850.16,442.74,3
MOLAX,1005,DG:SMo:A,4,10284.57,3046.99,3
MOLAX,1005,DG:SMi:D,8,1044.66,316.28,3
MOLAX,1005,DG:SMi:A,7,4145.36,1141.45,3
MOLAX,1005,DG:H:D,14,1732.17,763.10,3
MOPP,1008,DG:SMo:D,5,2265.43,1541.31,3
MOPP,1008,DG:SMo:A,4,32652.16,14272.19,3
"DG Neurogliaform",1007,DG:SMo:D,5,972.44,0.00,1
"DG Neurogliaform",1007,DG:SMo:A,4,3487.73,0.00,1
"DG Neurogliaform",1007,Sub:SM:A,67,1759.17,0.00,1
"Outer Molecular Layer",1006,DG:SMo:D,5,466.45,75.56,2
"Outer Molecular Layer",1006,DG:SMo:A,4,4978.84,681.61,2
"Outer Molecular Layer",1006,DG:SMi:D,8,451.04,48.42,2
"Outer Molecular Layer",1006,DG:SG:D,11,496.10,62.17,2
"Outer Molecular Layer",1006,DG:H:D,14,1154.65,698.78,2
"Total Molecular Layer",1004,DG:SMo:D,5,520.53,0.00,1
"Total Molecular Layer",1004,DG:SMo:A,4,10638.03,0.00,1
"Total Molecular Layer",1004,DG:SMi:D,8,514.57,0.00,1
"Total Molecular Layer",1004,DG:SMi:A,7,6547.30,0.00,1
"Total Molecular Layer",1004,DG:H:D,14,2039.24,0.00,1
"Total Molecular Layer",1004,DG:H:A,13,3951.09,0.00,1
"CA3 Pyramidal",2000,CA3:SP:D,29,510.75,26.17,2
"CA3 Pyramidal",2000,CA3:SL:D,26,700.97,54.44,2
"CA3 Pyramidal",2000,CA3:SR:D,23,3838.76,1186.38,2
"CA3 Pyramidal",2000,CA3:SR:A,22,4080.88,0.00,1
"CA3 Pyramidal",2000,CA3:SLM:D,20,3308.12,433.22,2
"CA3 Pyramidal",2000,CA3:SO:D,32,6266.02,2421.77,2
"CA3 Pyramidal",2000,CA3:SO:A,31,5649.89,0.00,1
"CA3 Pyramidal",2000,CA2:SR:A,40,547.25,0.00,1
"CA3 Pyramidal",2000,CA1:SR:A,55,2380.78,0.00,1
"CA3c Pyramidal",2004,CA3:SP:D,29,1643.91,0.00,1
"CA3c Pyramidal",2004,CA3:SL:D,26,1660.57,0.00,1
"CA3c Pyramidal",2004,CA3:SR:D,23,5394.46,0.00,1
"CA3c Pyramidal",2004,CA3:SR:A,22,2853.32,0.00,1
"CA3c Pyramidal",2004,CA3:SO:D,32,3288.71,0.00,1
"CA3c Pyramidal",2004,CA3:SO:A,31,4322.86,0.00,1
"CA3 Granule",2001,CA3:SL:A,25,3825.84,602.42,2
"CA3 Granule",2001,CA3:SR:D,23,571.47,16.24,2
"CA3 Granule",2001,CA3:SLM:D,20,2536.83,846.46,2
"CA3 Axo-axonic",2028,CA3:SP:D,29,935.78,0.00,1
"CA3 Axo-axonic",2028,CA3:SP:A,28,9800.52,0.00,1
"CA3 Axo-axonic",2028,CA3:SL:D,26,1855.63,0.00,1
"CA3 Axo-axonic",2028,CA3:SR:D,23,2010.98,0.00,1
"CA3 Axo-axonic",2028,CA3:SLM:D,20,2011.47,0.00,1
"CA3 Axo-axonic",2028,CA3:SO:D,32,2839.14,0.00,1
"CA3 Horizontal Axo-axonic",2047,CA3:SP:A,28,16257.92,1501.40,2
"CA3 Horizontal Axo-axonic",2047,CA3:SO:D,32,3368.47,927.89,2
"CA3 Basket",2043,CA3:SP:D,29,1052.15,0.00,1
"CA3 Basket",2043,CA3:SP:A,28,12728.14,0.00,1
"CA3 Basket",2043,CA3:SL:D,26,1494.61,0.00,1
"CA3 Basket",2043,CA3:SR:D,23,2472.85,0.00,1
"CA3 Basket",2043,CA3:SLM:D,20,2535.34,0.00,1
"CA3 Basket",2043,CA3:SO:D,32,1837.55,0.00,1
"CA3 Basket CCK+",2044,CA3:SP:D,29,214.42,0.00,1
"CA3 Basket CCK+",2044,CA3:SP:A,28,23482.04,0.00,1
"CA3 Basket CCK+",2044,CA3:SL:D,26,375.07,0.00,1
"CA3 Basket CCK+",2044,CA3:SR:D,23,3277.81,0.00,1
"CA3 Basket CCK+",2044,CA3:SLM:D,20,1226.26,0.00,1
"CA3 Basket CCK+",2044,CA3:SO:D,32,218.95,0.00,1
"CA3 Bistratified",2045,CA3:SP:D,29,709.58,0.00,1
"CA3 Bistratified",2045,CA3:SP:A,28,9798.97,0.00,1
"CA3 Bistratified",2045,CA3:SL:D,26,2072.96,0.00,1
"CA3 Bistratified",2045,CA3:SL:A,25,4748.53,0.00,1
"CA3 Bistratified",2045,CA3:SR:D,23,2975.28,0.00,1
"CA3 Bistratified",2045,CA3:SR:A,22,5885.90,0.00,1
"CA3 Bistratified",2045,CA3:SO:D,32,1773.22,0.00,1
"CA3 Bistratified",2045,CA3:SO:A,31,15365.97,0.00,1
"CA3 Interneuron Specific Oriens",2021,CA3:SP:A,28,4323.36,134.56,2
"CA3 Interneuron Specific Oriens",2021,CA3:SL:A,25,5623.01,877.45,2
"CA3 Interneuron Specific Oriens",2021,CA3:SR:A,22,7071.28,915.84,2
"CA3 Interneuron Specific Oriens",2021,CA3:SO:D,32,5932.97,1697.30,2
"CA3 Interneuron Specific Oriens",2021,CA3:SO:A,31,9511.31,5080.84,2
"CA3 Ivy",2046,CA3:SP:D,29,693.61,120.41,2
"CA3 Ivy",2046,CA3:SP:A,28,2456.14,95.53,2
"CA3 Ivy",2046,CA3:SL:D,26,530.42,111.80,2
"CA3 Ivy",2046,CA3:SL:A,25,3912.63,658.44,2
"CA3 Ivy",2046,CA3:SR:D,23,1633.73,16.20,2
"CA3 Ivy",2046,CA3:SR:A,22,5790.49,652.70,2
"CA3 Ivy",2046,CA3:SO:D,32,458.03,42.67,2
"CA3 Ivy",2046,CA3:SO:A,31,6267.29,4984.59,2
"CA3 LMR-Targeting",2005,CA3:SL:D,26,520.85,0.00,1
"CA3 LMR-Targeting",2005,CA3:SR:D,23,526.64,0.00,1
"CA3 LMR-Targeting",2005,CA3:SR:A,22,3840.03,0.00,1
"CA3 LMR-Targeting",2005,CA3:SLM:D,20,1644.98,0.00,1
"CA3 LMR-Targeting",2005,CA3:SLM:A,19,7406.67,0.00,1
"Lucidum ORAX",2013,CA3:SP:A,28,1704.99,862.88,3
"Lucidum ORAX",2013,CA3:SL:D,26,1027.42,206.85,3
"Lucidum ORAX",2013,CA3:SL:A,25,1568.95,540.48,3
"Lucidum ORAX",2013,CA3:SR:D,23,2859.03,917.44,3
"Lucidum ORAX",2013,CA3:SR:A,22,4079.33,1687.08,3
"Lucidum ORAX",2013,CA3:SO:A,31,3542.24,586.13,3
Lucidum-Radiatum,2014,CA3:SL:D,26,1205.13,616.58,3
Lucidum-Radiatum,2014,CA3:SL:A,25,1702.85,1178.26,3
Lucidum-Radiatum,2014,CA3:SR:D,23,2266.60,856.86,3
Lucidum-Radiatum,2014,CA3:SR:A,22,4910.88,913.83,3
"Spiny Lucidum",2019,DG:SMo:A,4,3115.16,0.00,1
"Spiny Lucidum",2019,DG:SMi:A,7,319.56,0.00,1
"Spiny Lucidum",2019,CA3:SP:D,29,831.59,53.05,2
"Spiny Lucidum",2019,CA3:SL:D,26,3276.61,511.49,2
"Spiny Lucidum",2019,CA3:SL:A,25,913.83,159.65,2
"Spiny Lucidum",2019,CA3:SR:A,22,2986.57,2522.84,2
"Mossy Fiber-Associated",2036,DG:H:A,13,8757.68,5328.03,2
"Mossy Fiber-Associated",2036,CA3:SP:D,29,438.06,0.45,2
"Mossy Fiber-Associated",2036,CA3:SP:A,28,3869.95,2276.46,2
"Mossy Fiber-Associated",2036,CA3:SL:D,26,797.80,429.89,2
"Mossy Fiber-Associated",2036,CA3:SL:A,25,6250.20,5188.64,2
"Mossy Fiber-Associated",2036,CA3:SR:D,23,3381.49,55.66,2
"Mossy Fiber-Associated",2036,CA3:SR:A,22,2817.11,615.80,2
"Mossy Fiber-Associated ORDEN",2035,DG:H:A,13,3429.65,0.00,1
"Mossy Fiber-Associated ORDEN",2035,CA3:SP:D,29,712.81,0.00,1
"Mossy Fiber-Associated ORDEN",2035,CA3:SP:A,28,8450.03,0.00,1
"Mossy Fiber-Associated ORDEN",2035,CA3:SL:D,26,794.72,0.00,1
"Mossy Fiber-Associated ORDEN",2035,CA3:SL:A,25,18420.46,0.00,1
"Mossy Fiber-Associated ORDEN",2035,CA3:SR:D,23,3362.86,0.00,1
"Mossy Fiber-Associated ORDEN",2035,CA3:SO:D,32,1618.23,0.00,1
"CA3 O-LM",2009,CA3:SR:A,22,2619.83,0.00,1
"CA3 O-LM",2009,CA3:SLM:A,19,5061.67,0.00,1
"CA3 O-LM",2009,CA3:SO:D,32,6608.54,0.00,1
"CA3 O-LM",2009,CA3:SO:A,31,4338.36,0.00,1
"CA3 QuadD-LM",2049,CA3:SP:D,29,460.40,0.00,1
"CA3 QuadD-LM",2049,CA3:SL:D,26,491.27,0.00,1
"CA3 QuadD-LM",2049,CA3:SR:D,23,884.53,0.00,1
"CA3 QuadD-LM",2049,CA3:SLM:A,19,5167.35,0.00,1
"CA3 QuadD-LM",2049,CA3:SO:D,32,1106.65,0.00,1
"CA3 Radiatum",2023,CA3:SR:D,23,7149.53,5229.64,2
"CA3 Radiatum",2023,CA3:SR:A,22,13422.21,5590.68,2
"CA3 R-LM",2008,CA3:SR:D,23,5019.50,0.00,1
"CA3 R-LM",2008,CA3:SLM:A,19,7024.72,0.00,1
"CA3 SO-SO",2022,CA3:SO:D,32,2941.80,0.00,1
"CA3 SO-SO",2022,CA3:SO:A,31,10077.88,0.00,1
"CA3 Trilaminar",2020,CA3:SP:A,28,8290.88,4599.44,2
"CA3 Trilaminar",2020,CA3:SL:A,25,6811.31,3347.65,2
"CA3 Trilaminar",2020,CA3:SR:A,22,15983.35,8913.46,2
"CA3 Trilaminar",2020,CA3:SO:D,32,6941.32,1013.14,2
"CA3 Trilaminar",2020,CA3:SO:A,31,15795.93,4387.30,2
"CA3 Trilaminar",2020,CA1:SR:A,55,3373.48,122.38,2
"CA3 Trilaminar",2020,CA1:SP:A,58,2370.40,1009.40,2
"CA3 Trilaminar",2020,CA1:SO:A,61,6645.47,3994.86,2
"CA3 Trilaminar",2020,SUB:PL:A,73,2109.25,0.00,1
"CA2 Pyramidal",3000,CA3:SP:A,28,501.40,0.00,1
"CA2 Pyramidal",3000,CA3:SR:A,22,726.68,0.00,1
"CA2 Pyramidal",3000,CA3:SO:A,31,3073.81,0.00,1
"CA2 Pyramidal",3000,CA2:SO:D,47,3160.92,1827.00,3
"CA2 Pyramidal",3000,CA2:SO:A,46,2328.93,2556.79,3
"CA2 Pyramidal",3000,CA2:SP:D,44,645.89,152.66,3
"CA2 Pyramidal",3000,CA2:SP:A,43,507.42,84.75,3
"CA2 Pyramidal",3000,CA2:SR:D,41,4618.21,1237.68,3
"CA2 Pyramidal",3000,CA2:SR:A,40,2479.18,0.00,1
"CA2 Pyramidal",3000,CA2:SLM:D,38,2685.94,1465.05,3
"CA2 Pyramidal",3000,CA1:SO:A,61,523.36,0.00,1
"CA2 Basket",3006,CA2:SO:D,47,2247.30,0.00,1
"CA2 Basket",3006,CA2:SP:D,44,682.29,0.00,1
"CA2 Basket",3006,CA2:SP:A,43,24841.32,0.00,1
"CA2 Basket",3006,CA2:SR:D,41,2549.19,0.00,1
"CA2 Basket",3006,CA2:SLM:D,38,1359.78,0.00,1
"CA2 Wide-Arbor BC",3007,CA3:SP:D,28,717.35,0.00,1
"CA2 Wide-Arbor BC",3007,CA3:SP:A,47,7567.90,0.00,1
"CA2 Wide-Arbor BC",3007,CA2:SO:D,47,1629.08,0.00,1
"CA2 Wide-Arbor BC",3007,CA2:SP:D,44,755.58,0.00,1
"CA2 Wide-Arbor BC",3007,CA2:SP:A,43,19896.45,0.00,1
"CA2 Wide-Arbor BC",3007,CA2:SR:D,41,1120.97,0.00,1
"CA2 Wide-Arbor BC",3007,CA2:SLM:D,38,1211.12,0.00,1
"CA2 Wide-Arbor BC",3007,CA1:SP:D,59,500.32,0.00,1
"CA2 Wide-Arbor BC",3007,CA1:SP:A,58,652.57,0.00,1
"CA2 Bistratified",3003,CA2:SO:D,47,1600.65,710.57,2
"CA2 Bistratified",3003,CA2:SO:A,46,6554.22,1536.26,2
"CA2 Bistratified",3003,CA2:SP:D,44,739.81,5.42,2
"CA2 Bistratified",3003,CA2:SP:A,43,4389.90,988.04,2
"CA2 Bistratified",3003,CA2:SR:D,41,3229.46,490.26,2
"CA2 Bistratified",3003,CA2:SR:A,40,13396.18,3422.57,2
"CA2 Bistratified",3003,CA1:SR:D,56,5484.05,0.00,1
"CA2 Bistratified",3003,CA1:SR:A,55,654.14,0.00,1
"CA2 Bistratified",3003,CA1:SP:A,58,1097.16,0.00,1
"CA2 Bistratified",3003,CA1:SO:A,61,2899.67,367.66,2
"CA2 SP-SR",3008,CA2:SO:D,47,1331.75,0.00,1
"CA2 SP-SR",3008,CA2:SP:D,44,465.91,0.00,1
"CA2 SP-SR",3008,CA2:SR:D,41,2355.26,0.00,1
"CA2 SP-SR",3008,CA2:SR:A,40,6283.37,0.00,1
"CA1 Pyramidal",4000,CA1:SLM:D,53,2052.71,806.37,5
"CA1 Pyramidal",4000,CA1:SR:D,56,4465.34,754.15,5
"CA1 Pyramidal",4000,CA1:SP:D,59,643.79,327.36,5
"CA1 Pyramidal",4000,CA1:SO:D,62,3795.59,683.42,5
"CA1 Pyramidal",4000,CA1:SO:A,61,2575.28,1597.60,3
Cajal-Retzius,4094,CA1:SLM:D,53,885.73,14.38,2
Cajal-Retzius,4094,CA1:SLM:A,52,1834.94,683.93,2
"CA1 Radiatum Giant",4054,CA1:SLM:D,53,1630.80,1535.56,4
"CA1 Radiatum Giant",4054,CA1:SR:D,56,3824.75,963.45,4
"CA1 Radiatum Giant",4054,CA1:SO:A,61,738.97,456.87,4
"CA1 Axo-axonic",4036,CA1:SLM:D,53,3074.08,1719.13,3
"CA1 Axo-axonic",4036,CA1:SR:D,56,2418.96,922.67,3
"CA1 Axo-axonic",4036,CA1:SP:D,59,936.84,655.42,3
"CA1 Axo-axonic",4036,CA1:SP:A,58,10890.68,4821.47,3
"CA1 Axo-axonic",4036,CA1:SO:D,62,2530.93,1476.33,3
"CA1 Horizontal Axo-axonic",4038,CA1:SP:A,58,9900.23,4980.67,2
"CA1 Horizontal Axo-axonic",4038,CA1:SO:D,62,1036.73,229.60,2
"CA1 Back-Projection",4023,DG:H:A,13,9947.37,0.00,1
"CA1 Back-Projection",4023,CA3:SL:A,25,3864.47,0.00,1
"CA1 Back-Projection",4023,CA3:SR:A,22,23757.89,0.00,1
"CA1 Back-Projection",4023,CA3:SLM:A,19,588.16,0.00,1
"CA1 Back-Projection",4023,CA3:SO:A,31,5107.89,0.00,1
"CA1 Back-Projection",4023,CA1:SLM:A,52,5707.89,0.00,1
"CA1 Back-Projection",4023,CA1:SR:A,55,5980.26,0.00,1
"CA1 Back-Projection",4023,CA1:SP:D,59,463.16,0.00,1
"CA1 Back-Projection",4023,CA1:SP:A,58,6392.11,0.00,1
"CA1 Back-Projection",4023,CA1:SO:D,62,2244.21,0.00,1
"CA1 Back-Projection",4023,CA1:SO:A,61,8551.32,0.00,1
"CA1 Basket",4078,CA1:SLM:D,53,1283.76,841.31,4
"CA1 Basket",4078,CA1:SR:D,56,4479.84,816.47,4
"CA1 Basket",4078,CA1:SP:D,59,669.80,185.96,4
"CA1 Basket",4078,CA1:SP:A,58,20453.80,11765.92,4
"CA1 Basket",4078,CA1:SO:D,62,2116.37,479.14,4
"CA1 Basket CCK+",4079,CA1:SLM:D,53,2478.28,423.15,2
"CA1 Basket CCK+",4079,CA1:SR:D,56,2231.66,293.50,2
"CA1 Basket CCK+",4079,CA1:SP:D,59,869.40,191.72,2
"CA1 Basket CCK+",4079,CA1:SP:A,58,16677.09,13003.44,2
"CA1 Basket CCK+",4079,CA1:SO:D,62,1793.27,101.81,2
"CA1 Horizontal Basket ",4039,CA1:SP:A,58,25996.17,13903.74,2
"CA1 Horizontal Basket ",4039,CA1:SO:D,62,3104.57,1218.30,2
"CA1 Bistratified",4080,CA1:SR:D,56,1612.11,32.69,3
"CA1 Bistratified",4080,CA1:SR:A,55,11549.56,4827.45,3
"CA1 Bistratified",4080,CA1:SP:D,59,599.20,105.68,3
"CA1 Bistratified",4080,CA1:SP:A,58,1060.23,571.88,3
"CA1 Bistratified",4080,CA1:SO:D,62,1459.03,414.66,3
"CA1 Bistratified",4080,CA1:SO:A,61,5895.54,2933.44,3
"CA1 Interneuron Specific LMO-O",4022,CA1:SLM:D,53,1673.24,886.98,3
"CA1 Interneuron Specific LMO-O",4022,CA1:SO:D,62,905.80,576.59,3
"CA1 Interneuron Specific LMO-O",4022,CA1:SO:A,61,4889.14,6179.55,3
"CA1 Interneuron Specific LM-R",4021,CA1:SLM:D,53,916.77,13.75,2
"CA1 Interneuron Specific LM-R",4021,CA1:SR:A,55,767.85,154.13,2
"CA1 Interneuron Specific LMR-R",4056,CA1:SLM:D,53,937.36,0.00,1
"CA1 Interneuron Specific LMR-R",4056,CA1:SR:D,56,1068.69,0.00,1
"CA1 Interneuron Specific LMR-R",4056,CA1:SR:A,55,1477.81,0.00,1
"CA1 Interneuron Specific O-R",4031,CA1:SR:A,55,2392.76,581.94,2
"CA1 Interneuron Specific O-R",4031,CA1:SO:D,62,1424.65,174.85,2
"CA1 Interneuron Specific O-R",4031,CA1:SO:A,61,560.73,0.00,1
"CA1 Interneuron Specific O-Target QuadD",4020,CA1:SLM:D,53,867.01,137.52,2
"CA1 Interneuron Specific O-Target QuadD",4020,CA1:SR:D,56,958.47,55.74,2
"CA1 Interneuron Specific O-Target QuadD",4020,CA1:SP:D,59,438.05,9.35,2
"CA1 Interneuron Specific O-Target QuadD",4020,CA1:SO:D,62,578.22,108.56,2
"CA1 Interneuron Specific O-Target QuadD",4020,CA1:SO:A,61,617.42,57.30,2
"CA1 Interneuron Specific R-O",4091,CA1:SR:D,56,769.81,336.40,2
"CA1 Interneuron Specific R-O",4091,CA1:SP:D,59,1015.71,548.16,2
"CA1 Interneuron Specific R-O",4091,CA1:SO:A,61,3701.68,3266.33,2
"CA1 Interneuron Specific RO-O",4093,CA1:SR:D,56,1291.15,658.11,2
"CA1 Interneuron Specific RO-O",4093,CA1:SO:D,62,1233.55,769.02,2
"CA1 Interneuron Specific RO-O",4093,CA1:SO:A,61,4989.23,4485.43,2
"CA1 Ivy",4081,CA1:SR:D,56,736.64,134.55,2
"CA1 Ivy",4081,CA1:SR:A,55,2464.21,947.65,2
"CA1 Ivy",4081,CA1:SP:D,59,740.83,142.50,2
"CA1 Ivy",4081,CA1:SP:A,58,3730.72,3114.22,2
"CA1 Ivy",4081,CA1:SO:D,62,1808.06,146.85,2
"CA1 Ivy",4081,CA1:SO:A,61,12967.22,6614.08,2
"CA1 LMR",4005,CA1:SLM:D,53,1187.95,0.00,1
"CA1 LMR",4005,CA1:SLM:A,52,4610.83,0.00,1
"CA1 LMR",4005,CA1:SR:D,56,1138.69,0.00,1
"CA1 LMR",4005,CA1:SR:A,55,19583.59,0.00,1
"CA1 LMR Projecting",4004,DG:SMo:A,4,2888.69,357.80,2
"CA1 LMR Projecting",4004,CA1:SLM:D,53,1916.07,1217.14,2
"CA1 LMR Projecting",4004,CA1:SLM:A,52,11436.66,2437.92,2
"CA1 LMR Projecting",4004,CA1:SR:D,56,1236.80,25.28,2
"CA1 LMR Projecting",4004,CA1:SR:A,55,9486.25,6953.94,2
"CA1 Neurogliaform",4012,CA1:SLM:D,53,5468.07,579.86,2
"CA1 Neurogliaform",4012,CA1:SLM:A,52,19760.89,4849.12,2
"CA1 Neurogliaform Projecting",4011,DG:SMo:D,5,816.17,384.78,2
"CA1 Neurogliaform Projecting",4011,DG:SMo:A,4,12983.76,4733.28,2
"CA1 Neurogliaform Projecting",4011,CA1:SLM:D,53,1757.85,261.00,2
"CA1 Neurogliaform Projecting",4011,CA1:SLM:A,52,8740.56,2961.66,2
"CA1 O-LM",4069,CA1:SLM:A,52,17555.95,7279.11,5
"CA1 O-LM",4069,CA1:SO:D,62,4229.60,1464.59,5
"CA1 Recurrent O-LM",4089,CA1:SLM:A,52,25511.56,17050.61,2
"CA1 Recurrent O-LM",4089,CA1:SO:D,62,7325.36,4611.24,2
"CA1 Recurrent O-LM",4089,CA1:SO:A,61,7360.41,5891.93,2
"CA1 O-LMR",4087,CA1:SLM:A,52,4219.56,886.09,2
"CA1 O-LMR",4087,CA1:SR:A,55,3187.91,136.32,2
"CA1 O-LMR",4087,CA1:SO:D,62,2925.59,408.03,2
"CA1 Oriens/Alveus",4055,CA1:SLM:D,53,1552.03,1120.70,3
"CA1 Oriens/Alveus",4055,CA1:SR:D,56,2018.75,694.23,3
"CA1 Oriens/Alveus",4055,CA1:SP:D,59,514.81,71.44,3
"CA1 Oriens/Alveus",4055,CA1:SP:A,58,2634.52,1951.67,3
"CA1 Oriens/Alveus",4055,CA1:SO:D,62,1253.58,589.97,3
"CA1 Oriens/Alveus",4055,CA1:SO:A,61,7886.39,1593.08,3
"CA1 Oriens-Bistratified",4083,CA1:SR:A,55,2809.53,274.30,2
"CA1 Oriens-Bistratified",4083,CA1:SO:D,62,1082.56,275.49,2
"CA1 Oriens-Bistratified",4083,CA1:SO:A,61,1479.20,821.27,2
"CA1 Oriens-Bistratified Projecting",4068,CA1:SLM:A,52,7817.71,0.00,1
"CA1 Oriens-Bistratified Projecting",4068,CA1:SR:A,55,19197.81,0.00,1
"CA1 Oriens-Bistratified Projecting",4068,CA1:SP:A,58,3429.95,0.00,1
"CA1 Oriens-Bistratified Projecting",4068,CA1:SO:D,62,5027.66,0.00,1
"CA1 Oriens-Bistratified Projecting",4068,CA1:SO:A,61,10510.42,0.00,1
"CA1 Oriens-Bistratified Projecting",4068,Sub:SM:A,67,4715.50,0.00,1
"CA1 Oriens-Bistratified Projecting",4068,Sub:SP:A,70,719.33,0.00,1
"CA1 Oriens-Bistratified Projecting",4068,Sub:PL:A,73,1983.32,0.00,1
"CA1 OR-LM",4066,CA1:SLM:A,52,7825.94,3774.27,2
"CA1 OR-LM",4066,CA1:SR:D,56,6993.29,42.14,2
"CA1 OR-LM",4066,CA1:SO:D,62,2517.20,1094.27,2
"CA1 Perforant Path-Associated",4006,CA1:SLM:D,53,1728.13,0.00,1
"CA1 Perforant Path-Associated",4006,CA1:SLM:A,52,19571.52,0.00,1
"CA1 Perforant Path-Associated",4006,CA1:SR:D,56,2770.50,0.00,1
"CA1 Perforant Path Associated QuadD",4076,CA1:SLM:D,53,1830.07,1045.70,2
"CA1 Perforant Path Associated QuadD",4076,CA1:SLM:A,52,27785.25,8246.88,2
"CA1 Perforant Path Associated QuadD",4076,CA1:SR:D,56,8259.91,6969.95,2
"CA1 Perforant Path Associated QuadD",4076,CA1:SP:D,59,568.07,12.66,2
"CA1 Perforant Path Associated QuadD",4076,CA1:SO:D,62,1082.25,489.22,2
"CA1 Quadrilaminar",4003,CA1:SLM:D,53,1573.77,0.00,1
"CA1 Quadrilaminar",4003,CA1:SLM:A,52,2806.91,0.00,1
"CA1 Quadrilaminar",4003,CA1:SR:D,56,2048.19,0.00,1
"CA1 Quadrilaminar",4003,CA1:SR:A,55,9491.01,0.00,1
"CA1 Quadrilaminar",4003,CA1:SP:D,59,485.42,0.00,1
"CA1 Quadrilaminar",4003,CA1:SP:A,58,648.58,0.00,1
"CA1 Quadrilaminar",4003,CA1:SO:D,62,1303.29,0.00,1
"CA1 Quadrilaminar",4003,CA1:SO:A,61,1405.80,0.00,1
"CA1 Radiatum",4028,CA1:SR:D,56,2617.80,996.37,2
"CA1 Radiatum",4028,CA1:SR:A,55,21829.02,0.10,2
"CA1 R-Receiving Apical-Targeting",4061,CA1:SLM:A,52,8880.02,0.00,1
"CA1 R-Receiving Apical-Targeting",4061,CA1:SR:D,56,6535.69,0.00,1
"CA1 R-Receiving Apical-Targeting",4061,CA1:SR:A,55,28393.00,0.00,1
"Schaffer Collateral-Associated",4015,CA1:SLM:D,53,852.94,280.88,4
"Schaffer Collateral-Associated",4015,CA1:SR:D,56,3184.29,1438.51,4
"Schaffer Collateral-Associated",4015,CA1:SR:A,55,11000.12,9494.58,4
"Schaffer Collateral-Associated",4015,CA1:SP:A,58,2371.43,2103.60,4
"Schaffer Collateral-Associated",4015,CA1:SO:A,61,1492.28,1039.27,4
"Schaffer Collateral-Receiving R-Targeting",4084,CA1:SR:D,56,1065.81,0.00,1
"Schaffer Collateral-Receiving R-Targeting",4084,CA1:SR:A,55,3767.20,0.00,1
"Schaffer Collateral-Receiving R-Targeting",4084,CA1:SP:D,59,721.81,0.00,1
"Schaffer Collateral-Receiving R-Targeting",4084,CA1:SO:D,62,1053.87,0.00,1
"CA1 SO-SO",4033,CA1:SO:D,62,4768.55,2590.43,2
"CA1 SO-SO",4033,CA1:SO:A,61,12300.74,3754.64,2
"CA1 Hippocampo-subicular Projecting ENK+",4041,CA1:SR:D,56,1823.26,0.00,1
"CA1 Hippocampo-subicular Projecting ENK+",4041,CA1:SR:A,55,2646.33,0.00,1
"CA1 Hippocampo-subicular Projecting ENK+",4041,CA1:SP:A,58,1171.32,0.00,1
"CA1 Hippocampo-subicular Projecting ENK+",4041,CA1:SO:D,62,612.57,0.00,1
"CA1 Hippocampo-subicular Projecting ENK+",4041,CA1:SO:A,61,4803.25,0.00,1
"CA1 Trilaminar",4035,CA1:SR:A,55,23662.37,0.00,1
"CA1 Trilaminar",4035,CA1:SP:A,58,9099.54,0.00,1
"CA1 Trilaminar",4035,CA1:SO:D,62,6240.70,0.00,1
"CA1 Trilaminar",4035,CA1:SO:A,61,35285.20,0.00,1
"CA1 Trilaminar",4035,Sub:SM:A,67,158.51,0.00,1
"CA1 Trilaminar",4035,Sub:SP:A,70,2438.23,0.00,1
"CA1 Trilaminar",4035,Sub:PL:A,73,11079.39,0.00,1
"CA1 Radial Trilaminar",4013,CA1:SLM:D,53,711.14,0.00,1
"CA1 Radial Trilaminar",4013,CA1:SR:D,56,874.47,0.00,1
"CA1 Radial Trilaminar",4013,CA1:SR:A,55,3281.64,0.00,1
"CA1 Radial Trilaminar",4013,CA1:SP:D,59,421.54,0.00,1
"CA1 Radial Trilaminar",4013,CA1:SP:A,58,1998.07,0.00,1
"CA1 Radial Trilaminar",4013,CA1:SO:D,62,970.30,0.00,1
"CA1 Radial Trilaminar",4013,CA1:SO:A,61,3116.91,0.00,1
"SUB EC-Proj Pyramidal",5001,Sub:SM:D,68,2521.55,784.66,2
"SUB EC-Proj Pyramidal",5001,Sub:SM:A,67,549.41,30.31,2
"SUB EC-Proj Pyramidal",5001,Sub:SP:D,71,1346.83,328.43,2
"SUB EC-Proj Pyramidal",5001,Sub:SP:A,70,1096.78,254.28,2
"SUB EC-Proj Pyramidal",5001,Sub:PL:A,73,545.05,33.95,2
"SUB CA1-Proj Pyramidal",5005,CA1:SLM:A,52,1362.20,0.00,1
"SUB CA1-Proj Pyramidal",5005,CA1:SR:A,55,1207.55,0.00,1
"SUB CA1-Proj Pyramidal",5005,Sub:SM:D,68,5099.92,0.00,1
"SUB CA1-Proj Pyramidal",5005,Sub:SM:A,67,11768.01,0.00,1
"SUB CA1-Proj Pyramidal",5005,Sub:SP:D,71,2439.45,0.00,1
"SUB CA1-Proj Pyramidal",5005,Sub:SP:A,70,7912.65,0.00,1
"SUB CA1-Proj Pyramidal",5005,Sub:PL:A,73,4543.96,0.00,1
"SUB Axo-axonic",5002,Sub:SM:D,68,351.94,86.55,3
"SUB Axo-axonic",5002,Sub:SP:A,70,1097.93,69.03,3
"LI-II Multipolar-Pyramidal",6094,EC:I:D,80,8422.78,5634.15,3
"LI-II Multipolar-Pyramidal",6094,EC:II:D,83,6252.43,5969.08,3
"LI-II Multipolar-Pyramidal",6094,EC:II:A,82,8102.36,7799.56,3
"LI-II Multipolar-Pyramidal",6094,EC:III:A,85,4272.79,2796.34,3
"LI-II Pyramidal-Fan",6005,EC:I:D,80,1273.10,988.14,3
"LI-II Pyramidal-Fan",6005,EC:I:A,79,3196.60,3187.14,3
"LI-II Pyramidal-Fan",6005,EC:II:D,83,2086.73,1624.30,3
"LI-II Pyramidal-Fan",6005,EC:II:A,82,1578.50,375.19,3
"LI-II Pyramidal-Fan",6005,EC:III:A,85,1956.50,773.13,3
"MEC LII-III Pyramidal-Multiform",6008,EC:I:D,80,1488.26,558.23,2
"MEC LII-III Pyramidal-Multiform",6008,EC:II:D,83,1297.93,52.22,2
"MEC LII-III Pyramidal-Multiform",6008,EC:II:A,82,1574.82,144.38,2
"MEC LII-III Pyramidal-Multiform",6008,EC:III:D,86,2210.30,780.89,2
"MEC LII-III Pyramidal-Multiform",6008,EC:III:A,85,3688.21,1327.96,2
"MEC LII-III Pyramidal-Multiform",6008,EC:IV:A,88,744.97,181.09,2
"MEC LII-III Pyramidal-Multiform",6008,EC:V:A,91,1969.39,1234.48,2
"MEC LII-III Pyramidal-Multiform",6008,EC:VI:A,94,890.21,218.90,2
"MEC LII Oblique Pyramidal",6019,EC:I:D,80,996.28,0.00,1
"MEC LII Oblique Pyramidal",6019,EC:II:D,83,2607.75,0.00,1
"MEC LII Oblique Pyramidal",6019,EC:III:A,85,1226.44,0.00,1
"MEC LII Oblique Pyramidal",6019,EC:IV:A,88,1537.71,0.00,1
"MEC LII Stellate",6003,EC:I:D,80,4054.43,1658.24,3
"MEC LII Stellate",6003,EC:I:A,79,3488.44,1469.17,2
"MEC LII Stellate",6003,EC:II:D,83,5098.11,2177.87,3
"MEC LII Stellate",6003,EC:II:A,82,5946.54,5564.05,3
"MEC LII Stellate",6003,EC:III:A,85,2203.39,2009.11,3
"MEC LII Stellate",6003,EC:IV:A,88,611.31,5.61,3
"MEC LII Stellate",6003,EC:V:A,91,1796.37,1229.10,3
"MEC LII Stellate",6003,EC:VI:A,94,1510.45,138.23,2
"LII-III Pyramidal-Tripolar",6082,EC:I:D,80,1310.56,620.90,3
"LII-III Pyramidal-Tripolar",6082,EC:I:A,79,5771.83,7108.01,3
"LII-III Pyramidal-Tripolar",6082,EC:II:D,83,2195.07,1090.96,3
"LII-III Pyramidal-Tripolar",6082,EC:II:A,82,2339.46,359.75,3
"LII-III Pyramidal-Tripolar",6082,EC:III:D,86,2782.14,1498.01,3
"LII-III Pyramidal-Tripolar",6082,EC:III:A,85,3287.39,691.10,3
"LEC LIII Multipolar Principal",6025,EC:I:A,79,762.90,89.75,2
"LEC LIII Multipolar Principal",6025,EC:II:A,82,900.54,214.54,2
"LEC LIII Multipolar Principal",6025,EC:III:D,86,4014.11,695.21,2
"LEC LIII Multipolar Principal",6025,EC:III:A,85,4965.31,1246.00,2
"LEC LIII Multipolar Principal",6025,EC:IV:D,89,975.74,122.54,2
"LEC LIII Multipolar Principal",6025,EC:IV:A,88,1056.76,395.64,2
"LEC LIII Multipolar Principal",6025,EC:V:D,92,1102.95,364.99,2
"LEC LIII Multipolar Principal",6025,EC:V:A,91,1131.17,345.27,2
"LIII Pyramidal",6017,EC:I:D,80,1321.93,1017.52,3
"LIII Pyramidal",6017,EC:II:D,83,1733.01,1013.37,3
"LIII Pyramidal",6017,EC:III:D,86,3568.30,1314.04,3
"LIII Pyramidal",6017,EC:III:A,85,1052.13,314.50,3
"LIII Pyramidal",6017,EC:IV:A,88,717.56,218.44,3
"LIII Pyramidal",6017,EC:V:A,91,826.89,247.02,3
"LIII Pyramidal",6017,EC:VI:A,94,587.03,103.47,3
"LEC LIII Complex Pyramidal",6007,EC:I:D,80,680.79,0.00,1
"LEC LIII Complex Pyramidal",6007,EC:II:D,83,1227.37,0.00,1
"LEC LIII Complex Pyramidal",6007,EC:II:A,82,884.84,0.00,1
"LEC LIII Complex Pyramidal",6007,EC:III:D,86,1876.81,0.00,1
"LEC LIII Complex Pyramidal",6007,EC:III:A,85,2688.82,0.00,1
"LEC LIII Complex Pyramidal",6007,EC:IV:D,89,1803.71,0.00,1
"LEC LIII Complex Pyramidal",6007,EC:IV:A,88,1050.15,0.00,1
"LEC LIII Complex Pyramidal",6007,EC:V:A,91,1024.46,0.00,1
"MEC LIII Complex Pyramidal",6006,EC:I:D,80,767.63,0.00,1
"MEC LIII Complex Pyramidal",6006,EC:I:A,79,1767.41,0.00,1
"MEC LIII Complex Pyramidal",6006,EC:II:A,82,1381.76,0.00,1
"MEC LIII Complex Pyramidal",6006,EC:III:D,86,2659.83,0.00,1
"MEC LIII Complex Pyramidal",6006,EC:III:A,85,2877.52,0.00,1
"MEC LIII Complex Pyramidal",6006,EC:IV:D,89,852.28,0.00,1
"MEC LIII Complex Pyramidal",6006,EC:IV:A,88,815.63,0.00,1
"MEC LIII Bipolar  Complex Pyramidal",6024,EC:I:A,79,600.00,0.00,1
"MEC LIII Bipolar  Complex Pyramidal",6024,EC:II:D,83,832.29,0.00,1
"MEC LIII Bipolar  Complex Pyramidal",6024,EC:II:A,82,1295.49,0.00,1
"MEC LIII Bipolar  Complex Pyramidal",6024,EC:III:D,86,2138.26,0.00,1
"MEC LIII Bipolar  Complex Pyramidal",6024,EC:III:A,85,1950.56,0.00,1
"MEC LIII Bipolar  Complex Pyramidal",6024,EC:IV:A,88,1432.20,0.00,1
"LIII Pyramidal-Stellate",6092,EC:I:D,80,977.77,0.00,1
"LIII Pyramidal-Stellate",6092,EC:II:D,83,649.64,0.00,1
"LIII Pyramidal-Stellate",6092,EC:III:D,86,3650.10,0.00,1
"LIII Pyramidal-Stellate",6092,EC:III:A,85,1109.04,0.00,1
"LIII Pyramidal-Stellate",6092,EC:IV:D,89,1318.70,0.00,1
"LIII Stellate",6018,EC:I:D,80,988.11,0.00,1
"LIII Stellate",6018,EC:II:D,83,1562.55,0.00,1
"LIII Stellate",6018,EC:III:D,86,993.59,0.00,1
"LIII Stellate",6018,EC:III:A,85,1120.32,0.00,1
"LIII-V Bipolar Pyramidal",6095,EC:I:D,80,1066.52,381.23,3
"LIII-V Bipolar Pyramidal",6095,EC:II:D,83,1047.05,86.23,3
"LIII-V Bipolar Pyramidal",6095,EC:III:D,86,1429.46,524.90,3
"LIII-V Bipolar Pyramidal",6095,EC:III:A,85,5499.53,4684.68,3
"LIII-V Bipolar Pyramidal",6095,EC:IV:D,89,764.46,148.13,3
"LIII-V Bipolar Pyramidal",6095,EC:IV:A,88,1242.16,732.87,3
"LIII-V Bipolar Pyramidal",6095,EC:V:D,92,4944.18,1900.04,3
"LIII-V Bipolar Pyramidal",6095,EC:V:A,91,8132.82,7881.99,3
"LIII-V Bipolar Pyramidal",6095,EC:VI:A,94,3906.16,2239.22,3
"LIV-V Pyramidal-Horizontal",6085,EC:I:D,80,862.39,0.00,1
"LIV-V Pyramidal-Horizontal",6085,EC:II:D,83,616.24,0.00,1
"LIV-V Pyramidal-Horizontal",6085,EC:IV:D,89,996.79,0.00,1
"LIV-V Pyramidal-Horizontal",6085,EC:V:D,92,3562.91,0.00,1
"LIV-V Pyramidal-Horizontal",6085,EC:V:A,91,537.64,0.00,1
"LIV-V Pyramidal-Horizontal",6085,EC:VI:A,94,822.14,0.00,1
"LIV-VI Deep Multipolar Principal",6086,EC:IV:D,89,1652.55,1409.26,5
"LIV-VI Deep Multipolar Principal",6086,EC:IV:A,88,1369.99,791.12,5
"LIV-VI Deep Multipolar Principal",6086,EC:V:D,92,3022.06,927.67,5
"LIV-VI Deep Multipolar Principal",6086,EC:V:A,91,1655.66,588.52,5
"LIV-VI Deep Multipolar Principal",6086,EC:VI:D,95,1813.32,1200.45,5
"LIV-VI Deep Multipolar Principal",6086,EC:VI:A,94,2127.92,1609.85,5
"MEC LV Multipolar-Principal",6033,EC:III:A,85,5194.02,5750.97,3
"MEC LV Multipolar-Principal",6033,EC:IV:D,89,924.41,195.85,3
"MEC LV Multipolar-Principal",6033,EC:IV:A,88,931.56,351.22,3
"MEC LV Multipolar-Principal",6033,EC:V:D,92,3053.26,983.43,3
"MEC LV Multipolar-Principal",6033,EC:V:A,91,3318.93,1138.47,3
"MEC LV Multipolar-Principal",6033,EC:VI:A,94,954.82,207.91,3
"LV Deep Pyramidal",6021,EC:I:D,80,743.85,292.98,5
"LV Deep Pyramidal",6021,EC:II:D,83,1626.87,1132.59,5
"LV Deep Pyramidal",6021,EC:V:D,92,4132.70,843.72,5
"LV Deep Pyramidal",6021,EC:V:A,91,1556.00,886.81,5
"LV Deep Pyramidal",6021,EC:VI:D,95,1553.17,579.29,5
"LV Deep Pyramidal",6021,EC:VI:A,94,919.72,285.53,5
"MEC LV Pyramidal",6002,EC:I:D,80,794.18,6.16,2
"MEC LV Pyramidal",6002,EC:I:A,79,641.10,41.13,2
"MEC LV Pyramidal",6002,EC:II:D,83,1370.86,85.96,2
"MEC LV Pyramidal",6002,EC:II:A,82,923.16,41.23,2
"MEC LV Pyramidal",6002,EC:III:A,85,840.99,134.22,2
"MEC LV Pyramidal",6002,EC:IV:A,88,751.09,230.43,2
"MEC LV Pyramidal",6002,EC:V:D,92,2951.55,734.12,2
"MEC LV Pyramidal",6002,EC:V:A,91,1522.14,304.93,2
"MEC LV Pyramidal",6002,EC:VI:A,94,1216.95,252.29,2
"MEC LV Superficial Pyramidal",6023,EC:I:D,80,815.54,0.00,1
"MEC LV Superficial Pyramidal",6023,EC:II:A,82,582.79,0.00,1
"MEC LV Superficial Pyramidal",6023,EC:III:D,86,802.04,0.00,1
"MEC LV Superficial Pyramidal",6023,EC:III:A,85,872.97,0.00,1
"MEC LV Superficial Pyramidal",6023,EC:IV:D,89,587.40,0.00,1
"MEC LV Superficial Pyramidal",6023,EC:IV:A,88,525.57,0.00,1
"MEC LV Superficial Pyramidal",6023,EC:V:D,92,1044.11,0.00,1
"MEC LV Superficial Pyramidal",6023,EC:V:A,91,625.46,0.00,1
"MEC LV-VI Pyramidal-Polymorphic",6052,EC:V:D,92,1421.35,612.81,2
"MEC LV-VI Pyramidal-Polymorphic",6052,EC:VI:D,95,2450.71,436.90,2
"MEC LV-VI Pyramidal-Polymorphic",6052,EC:VI:A,94,2766.67,88.30,2
"LEC LVI Multipolar-Pyramidal",6078,EC:III:A,85,1222.39,0.00,1
"LEC LVI Multipolar-Pyramidal",6078,EC:IV:A,88,796.23,0.00,1
"LEC LVI Multipolar-Pyramidal",6078,EC:V:D,92,813.20,0.00,1
"LEC LVI Multipolar-Pyramidal",6078,EC:V:A,91,2053.76,0.00,1
"LEC LVI Multipolar-Pyramidal",6078,EC:VI:D,95,3186.45,0.00,1
"LEC LVI Multipolar-Pyramidal",6078,EC:VI:A,94,1500.57,0.00,1
"LII Axo-axonic",6048,EC:II:D,83,672.99,0.00,1
"LII Axo-axonic",6048,EC:II:A,82,1253.04,0.00,1
"MEC LII Basket",6096,EC:II:D,83,2430.57,0.00,1
"MEC LII Basket",6096,EC:II:A,82,15794.41,0.00,1
"MEC LII Basket",6096,EC:III:A,85,5199.51,0.00,1
"LII Basket Multipolar Interneuron",6053,EC:I:D,80,2348.15,258.07,2
"LII Basket Multipolar Interneuron",6053,EC:II:D,83,5001.27,2975.92,2
"LII Basket Multipolar Interneuron",6053,EC:II:A,82,18934.18,419.58,2
"MEC LIII Superficial Multipolar Interneuron",6040,EC:I:D,80,1092.55,422.25,3
"MEC LIII Superficial Multipolar Interneuron",6040,EC:II:D,83,1424.18,564.87,3
"MEC LIII Superficial Multipolar Interneuron",6040,EC:II:A,82,6106.74,6303.66,3
"MEC LIII Superficial Multipolar Interneuron",6040,EC:III:D,86,3528.93,1560.83,3
"MEC LIII Superficial Multipolar Interneuron",6040,EC:III:A,85,30966.26,24690.65,3
"MEC LIII Superficial Trilayered Interneuron",6038,EC:I:D,80,3353.06,0.00,1
"MEC LIII Superficial Trilayered Interneuron",6038,EC:I:A,79,15309.17,0.00,1
"MEC LIII Superficial Trilayered Interneuron",6038,EC:II:D,83,2662.36,0.00,1
"MEC LIII Superficial Trilayered Interneuron",6038,EC:II:A,82,9969.05,0.00,1
"MEC LIII Superficial Trilayered Interneuron",6038,EC:III:D,86,1657.28,0.00,1
"MEC LIII Superficial Trilayered Interneuron",6038,EC:III:A,85,962.99,0.00,1
