neuron,unique_id,parcel,neurite_id,somatic_distance_avg,somatic_distance_std,somatic_distance_values_count,somatic_distance_min,somatic_distance_max
Granule,1000,DG:SMo:D,5,390.96,164.74,9,124.77,844.04
Granule,1000,DG:SMi:D,8,189.64,77.26,9,52.00,429.67
Granule,1000,DG:H:A,13,350.67,157.68,8,0.00,1283.90
Granule,1000,CA3:SP:A,28,705.44,320.29,5,315.51,1536.38
Granule,1000,CA3:SL:A,25,403.41,45.51,2,315.51,582.31
"Hilar Ectopic Granule",1041,DG:SMo:D,5,894.51,49.40,5,773.55,1170.90
"Hilar Ectopic Granule",1041,DG:SMi:D,8,686.39,4.24,5,572.81,814.98
"Hilar Ectopic Granule",1041,DG:H:D,14,220.54,28.86,5,0.00,505.63
"Hilar Ectopic Granule",1041,DG:H:A,13,443.39,0.00,1,0.00,886.77
"Hilar Ectopic Granule",1041,CA3:SL:A,25,927.14,0.00,1,886.77,967.50
"Semilunar Granule",1001,DG:SMo:D,5,250.57,75.69,6,102.28,450.91
"Semilunar Granule",1001,DG:SMi:D,8,78.12,27.13,6,0.00,242.00
"Semilunar Granule",1001,DG:SMi:A,7,67.64,24.61,4,0.00,193.77
"Semilunar Granule",1001,DG:SG:A,10,187.51,45.83,4,59.93,334.15
"Semilunar Granule",1001,DG:H:A,13,530.12,10.98,4,172.59,915.89
"Semilunar Granule",1001,CA3:SL:A,25,994.54,0.00,1,834.87,1154.22
Mossy,1002,DG:SMi:A,7,941.99,171.54,13,0.00,2016.39
Mossy,1002,DG:H:D,14,233.08,51.97,9,0.00,486.76
Mossy,1002,DG:H:A,13,473.28,103.01,7,0.00,1304.42
"Mossy MOLDEN",1043,DG:SMo:D,5,503.97,28.63,5,442.22,655.38
"Mossy MOLDEN",1043,DG:SMi:D,8,383.82,10.26,5,333.25,461.75
"Mossy MOLDEN",1043,DG:SMi:A,7,1179.78,40.51,2,1108.18,1332.38
"Mossy MOLDEN",1043,DG:SG:D,11,294.87,11.83,5,239.62,380.87
"Mossy MOLDEN",1043,DG:H:D,14,174.86,35.74,5,0.00,433.16
"Mossy MOLDEN",1043,DG:H:A,13,372.40,109.41,5,0.00,1060.17
AIPRIM,1027,DG:SMo:D,5,219.25,12.34,7,153.43,290.24
AIPRIM,1027,DG:SMi:D,8,146.73,8.92,6,99.84,226.63
AIPRIM,1027,DG:SMi:A,7,388.54,142.27,13,97.83,852.38
AIPRIM,1027,DG:SG:D,11,136.41,84.81,8,45.82,426.77
AIPRIM,1027,DG:SG:A,10,252.56,52.79,5,47.86,610.97
AIPRIM,1027,DG:H:D,14,127.47,52.21,6,0.00,391.77
AIPRIM,1027,DG:H:A,13,150.56,60.44,5,0.00,500.16
"DG Axo-axonic",1010,DG:SMo:D,5,222.99,9.52,5,151.90,327.21
"DG Axo-axonic",1010,DG:SMi:D,8,115.88,6.82,5,85.39,170.48
"DG Axo-axonic",1010,DG:SG:D,11,37.05,6.06,4,0.00,94.70
"DG Axo-axonic",1010,DG:SG:A,10,172.69,19.02,5,0.00,400.38
"DG Axo-axonic",1010,DG:H:D,14,66.20,18.04,4,13.79,180.92
"DG Axo-axonic",1010,DG:H:A,13,177.22,75.28,5,17.92,628.53
"DG Basket",1035,DG:SMo:D,5,192.25,67.23,6,106.95,345.32
"DG Basket",1035,DG:SMi:D,8,127.29,55.37,5,28.04,237.58
"DG Basket",1035,DG:SG:D,11,55.82,28.38,5,0.00,193.55
"DG Basket",1035,DG:SG:A,10,87.14,23.35,7,0.00,252.98
"DG Basket",1035,DG:H:D,14,87.84,7.44,3,18.15,158.20
"DG Basket CCK+",1036,DG:SMo:D,5,241.06,7.63,5,184.67,322.12
"DG Basket CCK+",1036,DG:SMi:D,8,142.10,2.87,5,99.82,192.69
"DG Basket CCK+",1036,DG:SG:D,11,93.90,9.63,5,79.77,144.16
"DG Basket CCK+",1036,DG:SG:A,10,147.05,10.12,5,21.45,298.24
"DG Basket CCK+",1036,DG:H:D,14,89.93,17.10,5,0.00,228.33
HICAP,1009,DG:SMo:D,5,355.80,96.44,4,173.52,535.87
HICAP,1009,DG:SMi:D,8,219.94,68.25,7,56.19,482.70
HICAP,1009,DG:SMi:A,7,259.91,61.49,10,75.56,644.79
HICAP,1009,DG:SG:D,11,129.78,31.88,4,0.00,368.73
HICAP,1009,DG:H:D,14,157.66,30.00,4,0.00,281.25
HIPP,1013,DG:SMo:A,4,568.34,270.64,6,157.63,1738.14
HIPP,1013,DG:H:D,14,134.55,46.67,6,0.00,415.45
HIPROM,1026,DG:SMo:A,4,811.94,170.01,2,561.39,1037.78
HIPROM,1026,DG:SMi:D,8,292.58,11.25,4,270.69,335.14
HIPROM,1026,DG:SMi:A,7,624.24,167.65,3,486.34,893.98
HIPROM,1026,DG:SG:D,11,254.71,19.84,3,182.71,337.57
HIPROM,1026,DG:SG:A,10,657.38,94.47,2,520.50,828.41
HIPROM,1026,DG:H:D,14,134.57,39.95,3,0.00,381.71
HIPROM,1026,DG:H:A,13,357.05,44.98,2,0.00,804.06
HIPROM,1026,CA3:SP:A,28,493.52,35.20,2,308.31,749.13
HIPROM,1026,CA3:SL:A,25,505.20,89.01,2,231.29,704.72
HIPROM,1026,CA3:SR:A,22,356.93,10.97,2,208.21,527.59
HIPROM,1026,CA3:SO:A,31,608.22,66.04,2,506.22,771.69
MOCAP,1040,DG:SMi:D,8,56.86,17.81,5,0.00,155.42
MOCAP,1040,DG:SMi:A,7,270.24,60.30,5,0.00,734.83
MOCAP,1040,DG:SG:D,11,135.66,27.81,2,78.14,248.80
MOCAP,1040,DG:SG:A,10,230.38,28.09,5,76.90,436.51
MOCAP,1040,DG:H:A,13,412.53,19.40,5,195.40,700.04
MOLAX,1005,DG:SMo:D,5,343.87,51.43,7,183.86,494.26
MOLAX,1005,DG:SMo:A,4,846.11,268.33,6,477.98,1436.85
MOLAX,1005,DG:SMi:D,8,195.60,50.95,4,72.81,435.17
MOLAX,1005,DG:SMi:A,7,637.06,288.02,4,85.00,1605.74
MOLAX,1005,DG:H:D,14,161.45,53.47,6,0.00,540.69
MOPP,1008,DG:SMo:D,5,23.48,14.01,5,0.00,97.04
MOPP,1008,DG:SMo:A,4,94.45,25.18,11,0.00,280.83
"DG Neurogliaform",1007,DG:SMo:D,5,13.26,2.08,5,0.00,32.20
"DG Neurogliaform",1007,DG:SMo:A,4,47.98,9.75,5,0.00,131.19
"Outer Molecular Layer",1006,DG:SMo:D,5,197.34,73.88,2,92.86,330.64
"Outer Molecular Layer",1006,DG:SMo:A,4,467.83,90.20,3,139.11,720.71
"Outer Molecular Layer",1006,DG:SMi:D,8,257.21,5.22,3,205.18,312.79
"Outer Molecular Layer",1006,DG:SG:D,11,102.95,2.27,3,0.00,211.79
"Outer Molecular Layer",1006,DG:H:D,14,125.01,30.63,2,0.00,311.25
"Total Molecular Layer",1004,DG:SMo:D,5,201.19,24.04,5,162.58,302.33
"Total Molecular Layer",1004,DG:SMo:A,4,451.82,20.97,5,398.39,565.29
"Total Molecular Layer",1004,DG:SMi:D,8,106.82,12.66,3,77.81,167.03
"Total Molecular Layer",1004,DG:SMi:A,7,286.73,27.28,5,119.40,508.61
"Total Molecular Layer",1004,DG:H:D,14,104.33,10.54,5,0.00,246.12
"Total Molecular Layer",1004,DG:H:A,13,194.84,56.57,5,0.00,462.13
"CA3 Pyramidal",2000,CA3:SP:D,29,15.66,2.75,4,0.00,39.84
"CA3 Pyramidal",2000,CA3:SL:D,26,71.33,9.63,5,21.67,139.59
"CA3 Pyramidal",2000,CA3:SR:D,23,256.40,64.68,6,93.28,547.35
"CA3 Pyramidal",2000,CA3:SR:A,22,633.54,126.06,4,413.47,1168.35
"CA3 Pyramidal",2000,CA3:SLM:D,20,507.13,130.14,4,290.22,786.33
"CA3 Pyramidal",2000,CA3:SO:D,32,128.48,51.24,6,12.10,338.57
"CA3 Pyramidal",2000,CA3:SO:A,31,393.67,88.93,5,52.86,970.76
"CA3 Pyramidal",2000,CA1:SR:A,55,1487.83,0.00,1,830.41,2145.25
"CA3c Pyramidal",2004,CA3:SP:D,29,41.78,13.68,5,0.00,132.91
"CA3c Pyramidal",2004,CA3:SL:D,26,89.89,13.37,4,63.89,158.57
"CA3c Pyramidal",2004,CA3:SR:D,23,182.89,25.40,5,78.63,383.43
"CA3c Pyramidal",2004,CA3:SR:A,22,320.75,54.30,5,236.29,498.79
"CA3c Pyramidal",2004,CA3:SO:D,32,89.58,20.60,5,43.43,204.02
"CA3c Pyramidal",2004,CA3:SO:A,31,118.42,32.62,5,23.77,299.46
"CA3 Granule",2001,CA3:SL:A,25,251.12,50.82,10,70.73,559.44
"CA3 Granule",2001,CA3:SR:D,23,45.18,3.09,10,0.00,99.01
"CA3 Granule",2001,CA3:SLM:D,20,200.87,36.46,9,85.32,390.90
"CA3 Axo-axonic",2028,CA3:SP:D,29,40.05,11.28,5,0.00,121.48
"CA3 Axo-axonic",2028,CA3:SP:A,28,183.61,32.45,5,0.00,434.91
"CA3 Axo-axonic",2028,CA3:SL:D,26,58.92,24.60,5,0.00,186.83
"CA3 Axo-axonic",2028,CA3:SR:D,23,167.79,20.42,5,57.55,305.88
"CA3 Axo-axonic",2028,CA3:SLM:D,20,334.40,16.01,5,306.95,415.64
"CA3 Axo-axonic",2028,CA3:SO:D,32,182.36,16.69,5,112.45,281.48
"CA3 Horizontal Axo-axonic",2047,CA3:SP:A,28,349.20,196.12,10,0.00,1216.54
"CA3 Horizontal Axo-axonic",2047,CA3:SO:D,32,183.29,48.38,10,0.00,492.35
"CA3 Basket",2043,CA3:SP:D,29,50.94,11.43,5,0.00,137.50
"CA3 Basket",2043,CA3:SP:A,28,155.42,46.64,5,0.00,436.26
"CA3 Basket",2043,CA3:SL:D,26,48.94,22.05,5,0.00,160.99
"CA3 Basket",2043,CA3:SR:D,23,152.51,6.62,5,47.64,280.52
"CA3 Basket",2043,CA3:SLM:D,20,291.36,11.54,5,249.43,356.20
"CA3 Basket",2043,CA3:SO:D,32,136.14,13.05,5,84.96,207.52
"CA3 Basket CCK+",2044,CA3:SP:D,29,55.56,8.75,4,29.52,110.46
"CA3 Basket CCK+",2044,CA3:SP:A,28,337.36,21.66,5,91.27,619.37
"CA3 Basket CCK+",2044,CA3:SL:D,26,26.65,11.19,5,0.00,78.82
"CA3 Basket CCK+",2044,CA3:SR:D,23,97.73,7.39,5,17.89,194.11
"CA3 Basket CCK+",2044,CA3:SLM:D,20,229.22,10.58,5,168.27,317.96
"CA3 Basket CCK+",2044,CA3:SO:D,32,112.30,5.73,2,71.87,164.19
"CA3 Bistratified",2045,CA3:SP:D,29,42.90,13.81,5,0.00,124.09
"CA3 Bistratified",2045,CA3:SP:A,28,177.34,41.47,5,0.00,426.52
"CA3 Bistratified",2045,CA3:SL:D,26,81.83,26.96,5,46.28,170.80
"CA3 Bistratified",2045,CA3:SL:A,25,285.78,31.63,5,231.03,436.57
"CA3 Bistratified",2045,CA3:SR:D,23,114.03,14.02,5,32.46,233.79
"CA3 Bistratified",2045,CA3:SR:A,22,282.39,48.90,4,213.78,455.38
"CA3 Bistratified",2045,CA3:SO:D,32,155.80,12.93,5,91.55,269.91
"CA3 Bistratified",2045,CA3:SO:A,31,208.61,19.49,5,81.35,363.11
"CA3 Interneuron Specific Oriens",2021,CA3:SP:A,28,198.64,52.15,7,67.06,365.25
"CA3 Interneuron Specific Oriens",2021,CA3:SL:A,25,297.71,56.63,10,191.42,603.49
"CA3 Interneuron Specific Oriens",2021,CA3:SR:A,22,503.80,228.88,8,279.15,1915.16
"CA3 Interneuron Specific Oriens",2021,CA3:SO:D,32,115.43,30.35,10,0.00,342.06
"CA3 Interneuron Specific Oriens",2021,CA3:SO:A,31,138.30,43.12,10,0.00,495.10
"CA3 Ivy",2046,CA3:SP:D,29,83.48,12.45,10,23.25,151.12
"CA3 Ivy",2046,CA3:SP:A,28,251.36,54.30,9,56.73,526.57
"CA3 Ivy",2046,CA3:SL:D,26,35.02,10.13,10,0.00,112.63
"CA3 Ivy",2046,CA3:SL:A,25,200.10,77.57,10,0.00,576.58
"CA3 Ivy",2046,CA3:SR:D,23,109.13,18.40,9,13.19,246.74
"CA3 Ivy",2046,CA3:SR:A,22,235.07,67.33,10,64.90,604.39
"CA3 Ivy",2046,CA3:SO:D,32,146.33,21.36,7,103.41,234.79
"CA3 Ivy",2046,CA3:SO:A,31,406.36,89.37,9,212.55,692.94
"CA3 LMR-Targeting",2005,CA3:SL:D,26,315.54,3.67,4,310.32,330.74
"CA3 LMR-Targeting",2005,CA3:SR:D,23,198.79,21.31,4,165.10,275.81
"CA3 LMR-Targeting",2005,CA3:SR:A,22,286.63,35.07,5,238.32,433.34
"CA3 LMR-Targeting",2005,CA3:SLM:D,20,71.17,10.39,5,0.00,160.12
"CA3 LMR-Targeting",2005,CA3:SLM:A,19,413.57,93.95,5,0.00,1060.90
"Lucidum ORAX",2013,CA3:SP:A,28,276.35,76.65,14,53.93,483.82
"Lucidum ORAX",2013,CA3:SL:D,26,120.94,47.21,15,28.78,398.19
"Lucidum ORAX",2013,CA3:SL:A,25,272.63,117.76,14,0.00,832.45
"Lucidum ORAX",2013,CA3:SR:D,23,138.85,41.58,13,0.00,426.21
"Lucidum ORAX",2013,CA3:SR:A,22,168.66,60.30,10,0.00,574.90
"Lucidum ORAX",2013,CA3:SO:A,31,370.45,89.27,14,50.88,850.61
Lucidum-Radiatum,2014,CA3:SL:D,26,124.48,49.77,14,0.00,373.42
Lucidum-Radiatum,2014,CA3:SL:A,25,360.38,178.36,15,0.00,1134.93
Lucidum-Radiatum,2014,CA3:SR:D,23,174.68,62.51,14,0.00,476.54
Lucidum-Radiatum,2014,CA3:SR:A,22,301.07,112.21,14,0.00,1010.51
"Spiny Lucidum",2019,CA3:SP:D,29,232.64,91.78,5,150.55,439.07
"Spiny Lucidum",2019,CA3:SL:D,26,128.66,39.39,6,0.00,373.51
"Spiny Lucidum",2019,CA3:SL:A,25,117.14,21.18,4,0.00,301.05
"Spiny Lucidum",2019,CA3:SR:A,22,376.81,86.24,5,234.89,793.64
"Mossy Fiber-Associated",2036,CA3:SP:D,29,162.97,32.83,8,91.94,316.90
"Mossy Fiber-Associated",2036,CA3:SP:A,28,352.66,76.13,10,247.91,571.22
"Mossy Fiber-Associated",2036,CA3:SL:D,26,85.49,37.49,7,0.00,325.72
"Mossy Fiber-Associated",2036,CA3:SL:A,25,310.11,60.13,9,0.00,894.59
"Mossy Fiber-Associated",2036,CA3:SR:D,23,165.40,42.77,10,0.00,442.88
"Mossy Fiber-Associated",2036,CA3:SR:A,22,345.24,247.62,9,0.00,1102.27
"Mossy Fiber-Associated ORDEN",2035,DG:H:A,13,1209.15,0.00,1,598.10,1820.20
"Mossy Fiber-Associated ORDEN",2035,CA3:SP:D,29,85.66,5.55,5,47.50,136.70
"Mossy Fiber-Associated ORDEN",2035,CA3:SP:A,28,364.07,83.07,5,209.30,673.98
"Mossy Fiber-Associated ORDEN",2035,CA3:SL:D,26,39.08,5.83,4,0.00,91.14
"Mossy Fiber-Associated ORDEN",2035,CA3:SL:A,25,274.15,51.29,5,0.00,651.35
"Mossy Fiber-Associated ORDEN",2035,CA3:SR:D,23,143.91,19.48,5,27.50,296.25
"Mossy Fiber-Associated ORDEN",2035,CA3:SO:D,32,192.03,6.84,5,120.30,283.98
"CA3 O-LM",2009,CA3:SR:A,22,385.22,15.05,5,273.02,534.46
"CA3 O-LM",2009,CA3:SLM:A,19,542.55,10.27,4,444.68,662.45
"CA3 O-LM",2009,CA3:SO:D,32,171.53,38.64,5,0.00,436.43
"CA3 O-LM",2009,CA3:SO:A,31,108.67,35.06,5,0.00,278.78
"CA3 QuadD-LM",2049,CA3:SP:D,29,41.65,2.69,2,0.00,88.67
"CA3 QuadD-LM",2049,CA3:SL:D,26,133.31,1.81,4,89.04,183.14
"CA3 QuadD-LM",2049,CA3:SR:D,23,296.33,55.42,5,198.40,569.43
"CA3 QuadD-LM",2049,CA3:SLM:A,19,905.88,36.36,5,645.43,1305.12
"CA3 QuadD-LM",2049,CA3:SO:D,32,142.76,45.14,5,0.00,419.13
"CA3 Radiatum",2023,CA3:SR:D,23,166.42,25.60,10,0.00,378.72
"CA3 Radiatum",2023,CA3:SR:A,22,365.29,88.79,10,0.00,968.21
"CA3 R-LM",2008,CA3:SR:D,23,120.42,18.89,5,0.00,289.86
"CA3 R-LM",2008,CA3:SLM:A,19,710.16,68.19,5,211.20,1409.53
"CA3 SO-SO",2022,CA3:SO:D,32,81.90,16.24,5,0.00,225.92
"CA3 SO-SO",2022,CA3:SO:A,31,170.92,34.89,5,0.00,445.94
"CA3 Trilaminar",2020,CA3:SP:A,28,216.88,51.77,6,79.88,528.69
"CA3 Trilaminar",2020,CA3:SL:A,25,259.20,36.05,6,79.88,505.19
"CA3 Trilaminar",2020,CA3:SR:A,22,329.49,37.28,6,201.67,604.93
"CA3 Trilaminar",2020,CA3:SO:D,32,111.48,43.22,5,0.00,352.65
"CA3 Trilaminar",2020,CA3:SO:A,31,171.66,49.10,7,0.00,503.81
"CA3 Trilaminar",2020,CA1:SR:A,55,1306.24,441.61,3,228.22,3303.63
"CA3 Trilaminar",2020,CA1:SP:A,58,1154.54,192.60,2,904.33,1406.07
"CA3 Trilaminar",2020,CA1:SO:A,61,895.65,188.65,3,228.22,1375.48
"CA3 Trilaminar",2020,SUB:PL:A,73,1580.16,0.00,1,1032.78,2127.55
"CA2 Pyramidal",3000,CA2:SO:D,47,146.47,10.13,9,43.62,280.11
"CA2 Pyramidal",3000,CA2:SO:A,46,355.46,139.10,5,57.74,973.87
"CA2 Pyramidal",3000,CA2:SP:D,44,34.02,14.04,9,0.00,124.25
"CA2 Pyramidal",3000,CA2:SP:A,43,57.72,27.60,3,0.00,164.81
"CA2 Pyramidal",3000,CA2:SR:D,41,209.20,30.47,9,34.04,438.18
"CA2 Pyramidal",3000,CA2:SR:A,40,345.97,103.58,3,38.40,897.55
"CA2 Pyramidal",3000,CA2:SLM:D,38,447.25,10.39,9,238.83,668.09
"CA2 Basket",3006,CA2:SO:D,47,173.96,21.27,5,82.26,327.73
"CA2 Basket",3006,CA2:SP:D,44,35.24,12.53,5,0.00,93.53
"CA2 Basket",3006,CA2:SP:A,43,206.77,32.49,5,0.00,476.00
"CA2 Basket",3006,CA2:SR:D,41,216.78,7.84,5,84.35,379.33
"CA2 Basket",3006,CA2:SLM:D,38,413.21,10.22,5,392.58,454.10
"CA2 Wide-Arbor BC",3007,CA2:SO:D,"46,47",120.69,43.24,5,0.00,386.52
"CA2 Wide-Arbor BC",3007,CA2:SP:D,44,108.70,1.68,4,32.79,187.20
"CA2 Wide-Arbor BC",3007,CA2:SP:A,43,433.78,32.48,5,32.79,950.75
"CA2 Wide-Arbor BC",3007,CA2:SR:D,41,284.83,4.27,4,181.42,402.60
"CA2 Wide-Arbor BC",3007,CA2:SLM:D,38,457.47,19.14,5,378.14,590.77
"CA2 Bistratified",3003,CA2:SO:D,47,224.30,30.02,6,74.82,450.88
"CA2 Bistratified",3003,CA2:SO:A,46,437.53,141.01,6,74.82,938.30
"CA2 Bistratified",3003,CA2:SP:D,44,46.33,13.99,6,0.00,135.80
"CA2 Bistratified",3003,CA2:SP:A,43,270.83,68.60,6,0.00,788.51
"CA2 Bistratified",3003,CA2:SR:D,41,262.74,35.46,6,90.89,522.19
"CA2 Bistratified",3003,CA2:SR:A,40,362.33,56.93,6,90.89,817.02
"CA2 SP-SR",3008,CA2:SO:D,47,149.82,18.37,5,57.27,301.68
"CA2 SP-SR",3008,CA2:SP:D,44,22.13,7.58,5,0.00,67.86
"CA2 SP-SR",3008,CA2:SR:D,41,197.07,16.39,5,38.99,403.01
"CA2 SP-SR",3008,CA2:SR:A,40,297.04,19.96,5,38.99,618.27
"CA1 Pyramidal",4000,CA1:SLM:D,53,482.29,105.50,17,300.78,875.27
"CA1 Pyramidal",4000,CA1:SR:D,56,206.11,48.92,17,14.54,557.26
"CA1 Pyramidal",4000,CA1:SP:D,59,32.70,21.13,17,0.00,145.64
"CA1 Pyramidal",4000,CA1:SO:D,62,129.90,29.69,17,13.22,357.05
"CA1 Pyramidal",4000,CA1:SO:A,61,216.68,80.57,8,0.00,775.91
Cajal-Retzius,4094,CA1:SLM:D,53,78.15,7.81,5,0.00,186.64
Cajal-Retzius,4094,CA1:SLM:A,52,165.84,66.52,5,0.00,495.81
"CA1 Radiatum Giant",4054,CA1:SLM:D,53,534.86,166.58,12,82.84,810.49
"CA1 Radiatum Giant",4054,CA1:SR:D,56,219.45,82.00,12,0.00,641.11
"CA1 Radiatum Giant",4054,CA1:SO:A,61,432.65,97.41,8,254.22,955.20
"CA1 Axo-axonic",4036,CA1:SLM:D,53,375.41,88.43,8,209.94,635.45
"CA1 Axo-axonic",4036,CA1:SR:D,56,163.88,54.32,9,0.00,444.40
"CA1 Axo-axonic",4036,CA1:SP:D,59,55.74,37.18,9,0.00,314.81
"CA1 Axo-axonic",4036,CA1:SP:A,58,240.23,126.57,9,0.00,1001.39
"CA1 Axo-axonic",4036,CA1:SO:D,62,163.43,14.57,9,24.88,336.77
"CA1 Horizontal Axo-axonic",4038,CA1:SP:A,58,324.61,63.54,10,72.26,689.32
"CA1 Horizontal Axo-axonic",4038,CA1:SO:D,62,116.55,30.36,8,0.00,368.26
"CA1 Back-Projection",4023,CA1:SLM:A,52,818.57,214.66,4,386.61,1805.96
"CA1 Back-Projection",4023,CA1:SR:A,55,500.43,136.59,4,199.92,1215.72
"CA1 Back-Projection",4023,CA1:SP:D,59,199.89,49.21,3,113.00,373.74
"CA1 Back-Projection",4023,CA1:SP:A,58,349.24,46.39,4,66.89,697.45
"CA1 Back-Projection",4023,CA1:SO:D,62,140.02,35.15,4,0.00,400.55
"CA1 Back-Projection",4023,CA1:SO:A,61,411.18,191.65,4,0.00,1282.48
"CA1 Basket",4078,CA1:SLM:D,53,317.15,38.20,11,211.76,399.03
"CA1 Basket",4078,CA1:SR:D,56,162.33,38.35,12,15.98,394.91
"CA1 Basket",4078,CA1:SP:D,59,40.10,23.43,11,0.00,196.66
"CA1 Basket",4078,CA1:SP:A,58,176.22,42.40,11,0.00,456.40
"CA1 Basket",4078,CA1:SO:D,62,117.36,17.78,10,10.71,255.79
"CA1 Basket CCK+",4079,CA1:SLM:D,53,436.17,181.00,6,54.42,781.93
"CA1 Basket CCK+",4079,CA1:SR:D,56,217.43,61.09,6,0.00,505.83
"CA1 Basket CCK+",4079,CA1:SP:D,59,253.82,121.24,6,0.00,523.15
"CA1 Basket CCK+",4079,CA1:SP:A,58,415.51,142.62,6,0.00,1004.04
"CA1 Basket CCK+",4079,CA1:SO:D,62,415.77,125.99,6,132.55,603.36
"CA1 Basket CCK+",4079,CA1:SO:A,61,246.84,3.22,2,0.00,500.11
"CA1 Horizontal Basket ",4039,CA1:SP:A,58,447.90,79.96,10,116.58,820.51
"CA1 Horizontal Basket ",4039,CA1:SO:D,62,121.02,30.98,9,0.00,368.26
"CA1 Bistratified",4080,CA1:SR:D,56,269.79,44.83,9,68.59,605.30
"CA1 Bistratified",4080,CA1:SR:A,55,473.02,55.23,9,61.93,1081.06
"CA1 Bistratified",4080,CA1:SP:D,59,75.40,64.59,9,0.00,478.87
"CA1 Bistratified",4080,CA1:SP:A,58,282.19,119.64,6,0.00,902.54
"CA1 Bistratified",4080,CA1:SO:D,62,178.12,37.46,9,0.00,484.90
"CA1 Bistratified",4080,CA1:SO:A,61,353.71,49.40,9,0.00,867.13
"CA1 Interneuron Specific LMO-O",4022,CA1:SLM:D,53,511.92,237.75,8,244.89,965.72
"CA1 Interneuron Specific LMO-O",4022,CA1:SO:D,62,150.94,85.98,8,39.22,451.04
"CA1 Interneuron Specific LMO-O",4022,CA1:SO:A,61,494.79,398.83,7,129.46,1873.16
"CA1 Interneuron Specific LM-R",4021,CA1:SLM:D,53,84.44,11.77,6,0.00,202.66
"CA1 Interneuron Specific LM-R",4021,CA1:SR:A,55,191.69,32.79,6,8.69,450.82
"CA1 Interneuron Specific LMR-R",4056,CA1:SLM:D,53,471.16,23.29,5,377.09,625.80
"CA1 Interneuron Specific LMR-R",4056,CA1:SR:D,56,220.09,3.16,3,60.07,388.99
"CA1 Interneuron Specific LMR-R",4056,CA1:SR:A,55,186.74,57.77,5,122.18,447.02
"CA1 Interneuron Specific O-R",4031,CA1:SR:A,55,448.31,136.67,6,34.78,905.77
"CA1 Interneuron Specific O-R",4031,CA1:SO:D,62,219.79,65.20,6,0.00,569.14
"CA1 Interneuron Specific O-Target QuadD",4020,CA1:SLM:D,53,519.23,26.83,6,357.03,709.72
"CA1 Interneuron Specific O-Target QuadD",4020,CA1:SR:D,56,220.00,30.09,6,11.38,509.78
"CA1 Interneuron Specific O-Target QuadD",4020,CA1:SP:D,59,23.14,3.98,4,0.00,57.61
"CA1 Interneuron Specific O-Target QuadD",4020,CA1:SO:D,62,128.78,27.70,5,47.97,250.95
"CA1 Interneuron Specific O-Target QuadD",4020,CA1:SO:A,61,234.61,10.32,5,84.21,407.96
"CA1 Interneuron Specific R-O",4091,CA1:SR:D,56,68.10,33.58,3,0.00,215.31
"CA1 Interneuron Specific R-O",4091,CA1:SP:D,59,51.87,9.23,5,0.00,126.68
"CA1 Interneuron Specific R-O",4091,CA1:SO:A,61,138.70,15.25,5,56.00,279.03
"CA1 Interneuron Specific RO-O",4093,CA1:SR:D,56,175.47,16.13,3,0.00,387.09
"CA1 Interneuron Specific RO-O",4093,CA1:SO:D,62,167.16,44.97,5,42.14,285.93
"CA1 Interneuron Specific RO-O",4093,CA1:SO:A,61,363.84,198.46,5,42.63,878.87
"CA1 Ivy",4081,CA1:SR:D,56,97.09,9.73,10,38.24,182.55
"CA1 Ivy",4081,CA1:SR:A,55,212.58,26.17,10,38.24,492.02
"CA1 Ivy",4081,CA1:SP:D,59,30.92,8.70,10,0.00,87.32
"CA1 Ivy",4081,CA1:SP:A,58,116.25,89.18,9,0.00,601.13
"CA1 Ivy",4081,CA1:SO:D,62,73.58,25.27,10,12.99,201.88
"CA1 Ivy",4081,CA1:SO:A,61,223.19,75.57,9,12.99,645.60
"CA1 LMR",4005,CA1:SLM:D,53,95.93,17.26,5,31.54,222.51
"CA1 LMR",4005,CA1:SLM:A,52,214.79,24.79,5,31.54,452.30
"CA1 LMR",4005,CA1:SR:D,56,76.43,26.00,5,0.00,214.54
"CA1 LMR",4005,CA1:SR:A,55,218.47,33.33,5,0.00,521.04
"CA1 LMR Projecting",4004,DG:SMo:A,4,405.02,97.98,6,180.81,568.77
"CA1 LMR Projecting",4004,DG:SMi:A,7,477.86,168.94,6,246.56,820.64
"CA1 LMR Projecting",4004,CA1:SLM:D,53,233.43,14.93,5,32.02,479.02
"CA1 LMR Projecting",4004,CA1:SLM:A,52,375.41,46.76,5,16.26,717.97
"CA1 LMR Projecting",4004,CA1:SR:D,56,136.19,17.52,6,0.00,318.09
"CA1 LMR Projecting",4004,CA1:SR:A,55,245.55,87.91,6,0.00,665.93
"CA1 Neurogliaform",4012,CA1:SLM:D,53,71.77,30.85,10,0.00,218.92
"CA1 Neurogliaform",4012,CA1:SLM:A,52,167.54,77.06,10,0.00,584.19
"CA1 Neurogliaform Projecting",4011,DG:SMo:D,5,54.50,14.40,6,0.00,157.20
"CA1 Neurogliaform Projecting",4011,DG:SMo:A,4,191.67,33.24,6,0.00,451.61
"CA1 Neurogliaform Projecting",4011,CA1:SLM:D,53,57.22,8.50,6,0.00,140.73
"CA1 Neurogliaform Projecting",4011,CA1:SLM:A,52,168.65,17.40,6,0.00,406.74
"CA1 O-LM",4069,CA1:SLM:A,52,705.13,215.63,15,135.99,1226.87
"CA1 O-LM",4069,CA1:SO:D,62,122.76,37.79,15,0.00,386.97
"CA1 Recurrent O-LM",4089,CA1:SLM:A,52,1072.90,605.28,6,308.42,2326.41
"CA1 Recurrent O-LM",4089,CA1:SO:D,62,227.89,73.14,6,0.00,629.29
"CA1 Recurrent O-LM",4089,CA1:SO:A,61,188.67,71.83,6,0.00,651.25
"CA1 O-LMR",4087,CA1:SLM:A,52,314.83,110.21,6,169.02,657.58
"CA1 O-LMR",4087,CA1:SR:A,55,189.55,68.96,6,50.65,320.47
"CA1 O-LMR",4087,CA1:SO:D,62,100.25,66.16,6,0.00,386.58
"CA1 Oriens/Alveus",4055,CA1:SLM:D,53,301.03,34.57,9,194.75,458.19
"CA1 Oriens/Alveus",4055,CA1:SR:D,56,145.41,26.41,9,0.00,352.59
"CA1 Oriens/Alveus",4055,CA1:SP:D,59,61.90,45.96,9,0.00,202.19
"CA1 Oriens/Alveus",4055,CA1:SP:A,58,189.51,65.11,9,0.00,508.33
"CA1 Oriens/Alveus",4055,CA1:SO:D,62,195.63,81.29,9,47.48,480.44
"CA1 Oriens/Alveus",4055,CA1:SO:A,61,295.53,135.58,9,25.26,935.98
"CA1 Oriens-Bistratified",4083,CA1:SR:A,55,424.80,221.98,6,71.48,1247.67
"CA1 Oriens-Bistratified",4083,CA1:SO:D,62,136.10,59.01,6,0.00,439.12
"CA1 Oriens-Bistratified",4083,CA1:SO:A,61,138.68,42.99,6,0.00,382.24
"CA1 Oriens-Bistratified Projecting",4068,CA1:SLM:A,52,747.89,93.92,5,442.25,1251.19
"CA1 Oriens-Bistratified Projecting",4068,CA1:SR:A,55,358.18,73.41,5,119.26,803.54
"CA1 Oriens-Bistratified Projecting",4068,CA1:SP:A,58,305.04,228.73,5,16.76,1501.29
"CA1 Oriens-Bistratified Projecting",4068,CA1:SO:D,62,111.17,19.91,5,0.00,272.85
"CA1 Oriens-Bistratified Projecting",4068,CA1:SO:A,61,473.67,179.85,5,0.00,1642.76
"CA1 OR-LM",4066,CA1:SLM:A,52,446.72,173.59,6,192.93,721.25
"CA1 OR-LM",4066,CA1:SR:D,56,265.23,26.80,6,0.00,620.07
"CA1 OR-LM",4066,CA1:SO:D,62,307.06,128.27,6,48.95,559.14
"CA1 Perforant Path-Associated",4006,CA1:SLM:D,53,130.28,57.17,5,0.00,455.81
"CA1 Perforant Path-Associated",4006,CA1:SLM:A,52,566.56,40.28,5,0.00,1270.90
"CA1 Perforant Path-Associated",4006,CA1:SR:D,56,152.16,32.81,5,24.51,364.30
"CA1 Perforant Path Associated QuadD",4076,CA1:SLM:D,53,321.76,192.89,6,35.39,865.30
"CA1 Perforant Path Associated QuadD",4076,CA1:SLM:A,52,545.05,230.81,6,37.64,1214.68
"CA1 Perforant Path Associated QuadD",4076,CA1:SR:D,56,231.61,88.29,5,0.00,676.80
"CA1 Perforant Path Associated QuadD",4076,CA1:SP:D,59,488.07,97.41,4,276.28,668.30
"CA1 Perforant Path Associated QuadD",4076,CA1:SO:D,62,563.30,133.98,6,366.86,841.30
"CA1 Quadrilaminar",4003,CA1:SLM:D,53,142.53,48.25,5,0.00,433.10
"CA1 Quadrilaminar",4003,CA1:SLM:A,52,216.20,30.29,5,0.00,537.53
"CA1 Quadrilaminar",4003,CA1:SR:D,56,153.28,33.10,5,0.00,354.50
"CA1 Quadrilaminar",4003,CA1:SR:A,55,265.67,33.31,5,0.00,649.11
"CA1 Quadrilaminar",4003,CA1:SP:D,59,349.13,7.45,3,299.41,412.28
"CA1 Quadrilaminar",4003,CA1:SP:A,58,363.19,9.18,5,334.25,415.26
"CA1 Quadrilaminar",4003,CA1:SO:D,62,493.27,33.27,5,367.51,742.00
"CA1 Quadrilaminar",4003,CA1:SO:A,61,475.72,20.59,5,422.04,583.05
"CA1 Radiatum",4028,CA1:SR:D,56,143.78,41.27,10,0.00,431.27
"CA1 Radiatum",4028,CA1:SR:A,55,374.28,157.25,10,0.00,1184.69
"CA1 R-Receiving Apical-Targeting",4061,CA1:SLM:A,52,509.08,57.66,5,322.18,842.46
"CA1 R-Receiving Apical-Targeting",4061,CA1:SR:D,56,118.98,23.10,5,0.00,292.52
"CA1 R-Receiving Apical-Targeting",4061,CA1:SR:A,55,358.42,72.78,5,0.00,881.99
"Schaffer Collateral-Associated",4015,CA1:SLM:D,53,177.20,37.75,14,0.00,355.67
"Schaffer Collateral-Associated",4015,CA1:SR:D,56,162.59,64.58,19,0.00,431.79
"Schaffer Collateral-Associated",4015,CA1:SR:A,55,242.20,101.90,20,0.00,918.52
"Schaffer Collateral-Associated",4015,CA1:SP:A,58,338.53,163.90,19,27.67,995.28
"Schaffer Collateral-Associated",4015,CA1:SO:A,61,434.54,96.85,18,244.23,725.36
"Schaffer Collateral-Receiving R-Targeting",4084,CA1:SR:D,56,168.44,20.13,4,107.97,278.52
"Schaffer Collateral-Receiving R-Targeting",4084,CA1:SR:A,55,206.08,18.59,5,92.25,349.59
"Schaffer Collateral-Receiving R-Targeting",4084,CA1:SP:D,59,110.17,23.13,5,52.20,225.75
"Schaffer Collateral-Receiving R-Targeting",4084,CA1:SO:D,62,62.75,15.41,5,0.00,161.79
"CA1 SO-SO",4033,CA1:SO:D,62,248.79,77.97,6,0.00,644.42
"CA1 SO-SO",4033,CA1:SO:A,61,337.65,34.21,4,0.00,774.81
"CA1 Hippocampo-subicular Projecting ENK+",4041,CA1:SR:D,56,103.13,32.38,5,0.00,327.90
"CA1 Hippocampo-subicular Projecting ENK+",4041,CA1:SR:A,55,144.55,58.14,5,0.00,484.42
"CA1 Hippocampo-subicular Projecting ENK+",4041,CA1:SP:A,58,179.33,64.45,5,100.29,515.75
"CA1 Hippocampo-subicular Projecting ENK+",4041,CA1:SO:D,62,261.75,12.37,5,188.60,373.44
"CA1 Hippocampo-subicular Projecting ENK+",4041,CA1:SO:A,61,557.15,139.40,5,210.36,1365.04
"CA1 Trilaminar",4035,CA1:SR:A,55,227.39,66.74,5,151.69,529.33
"CA1 Trilaminar",4035,CA1:SP:A,58,203.98,64.44,5,149.59,515.75
"CA1 Trilaminar",4035,CA1:SO:D,62,167.45,12.37,5,0.00,373.44
"CA1 Trilaminar",4035,CA1:SO:A,61,451.97,139.40,5,0.00,1365.04
"CA1 Radial Trilaminar",4013,CA1:SLM:D,53,636.05,32.81,5,534.14,859.85
"CA1 Radial Trilaminar",4013,CA1:SR:D,56,417.73,33.31,5,234.41,702.81
"CA1 Radial Trilaminar",4013,CA1:SR:A,55,489.04,120.45,5,309.06,1001.96
"CA1 Radial Trilaminar",4013,CA1:SP:D,59,258.11,47.95,4,219.48,462.04
"CA1 Radial Trilaminar",4013,CA1:SP:A,58,395.64,40.12,5,290.63,631.48
"CA1 Radial Trilaminar",4013,CA1:SO:D,62,111.72,45.22,5,0.00,396.93
"CA1 Radial Trilaminar",4013,CA1:SO:A,61,247.94,33.91,5,0.00,618.58
"SUB EC-Proj Pyramidal",5001,Sub:SM:D,68,332.93,69.37,4,0.00,704.99
"SUB EC-Proj Pyramidal",5001,Sub:SM:A,67,275.81,149.21,2,0.00,709.19
"SUB EC-Proj Pyramidal",5001,Sub:SP:D,71,86.12,12.19,4,0.00,200.48
"SUB EC-Proj Pyramidal",5001,Sub:SP:A,70,504.36,63.87,2,0.00,1136.44
"SUB EC-Proj Pyramidal",5001,Sub:PL:A,73,728.01,65.21,3,387.33,1210.19
"SUB CA1-Proj Pyramidal",5005,CA1:SLM:A,52,1165.72,10.78,2,1094.01,1258.98
"SUB CA1-Proj Pyramidal",5005,CA1:SR:A,55,978.14,0.00,1,862.28,1094.01
"SUB CA1-Proj Pyramidal",5005,Sub:SM:D,68,352.90,72.81,5,42.60,824.36
"SUB CA1-Proj Pyramidal",5005,Sub:SM:A,67,447.63,71.92,5,146.64,993.14
"SUB CA1-Proj Pyramidal",5005,Sub:SP:D,71,79.77,19.25,5,0.00,223.03
"SUB CA1-Proj Pyramidal",5005,Sub:SP:A,70,181.09,51.98,5,0.00,532.87
"SUB CA1-Proj Pyramidal",5005,Sub:PL:A,73,547.13,139.67,5,250.38,1228.65
"SUB Axo-axonic",5002,Sub:SM:D,68,70.15,32.64,7,0.00,153.15
"SUB Axo-axonic",5002,Sub:SP:A,70,148.43,42.36,7,0.00,351.66
"LI-II Multipolar-Pyramidal",6094,EC:I:D,80,172.47,50.53,9,0.00,412.20
"LI-II Multipolar-Pyramidal",6094,EC:II:D,83,99.47,32.47,8,0.00,271.44
"LI-II Multipolar-Pyramidal",6094,EC:II:A,82,179.76,71.91,7,0.00,587.52
"LI-II Multipolar-Pyramidal",6094,EC:III:A,85,260.01,77.16,9,60.91,667.82
"LI-II Multipolar-Pyramidal",6094,EC:IV:A,88,664.55,36.82,4,500.41,920.68
"LI-II Pyramidal-Fan",6005,EC:I:D,80,140.51,58.22,6,0.00,456.73
"LI-II Pyramidal-Fan",6005,EC:I:A,79,310.18,153.57,9,0.00,1024.82
"LI-II Pyramidal-Fan",6005,EC:II:D,83,143.52,197.75,6,0.00,966.63
"LI-II Pyramidal-Fan",6005,EC:II:A,82,184.11,163.81,6,0.00,630.30
"LI-II Pyramidal-Fan",6005,EC:III:A,85,350.87,89.09,7,47.16,664.78
"MEC LII-III Pyramidal-Multiform",6008,EC:I:D,80,232.99,17.04,10,175.16,362.35
"MEC LII-III Pyramidal-Multiform",6008,EC:II:D,83,109.47,30.02,10,0.00,181.13
"MEC LII-III Pyramidal-Multiform",6008,EC:II:A,82,166.85,71.02,10,0.00,541.70
"MEC LII-III Pyramidal-Multiform",6008,EC:III:D,86,82.08,22.56,10,0.00,239.01
"MEC LII-III Pyramidal-Multiform",6008,EC:III:A,85,166.69,63.66,10,0.00,564.35
"MEC LII-III Pyramidal-Multiform",6008,EC:IV:A,88,316.55,158.91,7,163.94,552.49
"MEC LII-III Pyramidal-Multiform",6008,EC:V:A,91,470.41,82.87,7,238.87,890.79
"MEC LII-III Pyramidal-Multiform",6008,EC:VI:A,94,695.16,64.79,6,512.18,975.89
"MEC LII Oblique Pyramidal",6019,EC:I:D,80,283.30,40.38,5,235.56,435.50
"MEC LII Oblique Pyramidal",6019,EC:II:D,83,114.67,27.69,5,0.00,299.45
"MEC LII Oblique Pyramidal",6019,EC:III:A,85,240.06,13.61,3,50.22,467.68
"MEC LII Oblique Pyramidal",6019,EC:IV:A,88,481.79,36.27,4,344.80,692.51
"MEC LII Stellate",6003,EC:I:D,80,301.89,169.25,15,83.20,1006.33
"MEC LII Stellate",6003,EC:I:A,79,516.76,330.26,10,83.20,1319.84
"MEC LII Stellate",6003,EC:II:D,83,141.03,83.45,15,0.00,686.65
"MEC LII Stellate",6003,EC:II:A,82,400.27,373.93,11,0.00,2386.86
"MEC LII Stellate",6003,EC:III:D,86,118.54,35.62,5,35.13,341.16
"MEC LII Stellate",6003,EC:III:A,85,814.56,439.36,7,35.13,2462.69
"MEC LII Stellate",6003,EC:IV:A,88,961.54,629.73,4,292.19,1996.86
"MEC LII Stellate",6003,EC:V:A,91,1138.22,996.87,9,345.58,3539.51
"MEC LII Stellate",6003,EC:VI:A,94,1643.16,1160.68,7,636.19,3373.67
"LII-III Pyramidal-Tripolar",6082,EC:I:D,80,254.86,15.01,7,83.81,450.05
"LII-III Pyramidal-Tripolar",6082,EC:I:A,79,408.53,105.57,7,68.99,934.76
"LII-III Pyramidal-Tripolar",6082,EC:II:D,83,148.45,27.20,6,0.00,274.90
"LII-III Pyramidal-Tripolar",6082,EC:II:A,82,234.73,90.72,6,0.00,535.67
"LII-III Pyramidal-Tripolar",6082,EC:III:D,86,97.45,53.56,7,0.00,333.54
"LII-III Pyramidal-Tripolar",6082,EC:III:A,85,186.48,113.40,9,0.00,657.57
"LEC LIII Multipolar Principal",6025,EC:I:A,79,590.48,0.00,1,430.00,750.96
"LEC LIII Multipolar Principal",6025,EC:II:A,82,289.67,36.06,2,197.71,453.73
"LEC LIII Multipolar Principal",6025,EC:III:D,86,130.43,16.25,7,0.00,309.94
"LEC LIII Multipolar Principal",6025,EC:III:A,85,271.57,0.00,1,0.00,543.13
"LEC LIII Multipolar Principal",6025,EC:IV:D,89,325.25,54.75,3,210.73,525.66
"LEC LIII Multipolar Principal",6025,EC:IV:A,88,469.46,0.00,1,233.49,705.42
"LEC LIII Multipolar Principal",6025,EC:V:D,92,470.14,89.73,4,328.27,808.55
"LEC LIII Multipolar Principal",6025,EC:V:A,91,573.31,0.00,1,349.16,797.47
"LIII Pyramidal",6017,EC:I:D,80,214.52,117.66,8,121.05,507.96
"LIII Pyramidal",6017,EC:II:D,83,134.35,90.14,8,38.54,379.03
"LIII Pyramidal",6017,EC:III:D,86,63.32,42.25,9,0.00,277.85
"LIII Pyramidal",6017,EC:III:A,85,71.96,51.40,8,0.00,344.55
"LIII Pyramidal",6017,EC:IV:A,88,138.43,116.71,5,36.28,499.02
"LIII Pyramidal",6017,EC:V:A,91,223.73,139.36,5,71.96,550.80
"LIII Pyramidal",6017,EC:VI:A,94,350.96,199.80,5,121.00,653.16
"LEC LIII Complex Pyramidal",6007,EC:I:D,80,525.82,12.23,5,476.55,599.38
"LEC LIII Complex Pyramidal",6007,EC:II:D,83,399.26,18.10,5,291.91,548.03
"LEC LIII Complex Pyramidal",6007,EC:II:A,82,514.23,57.14,5,371.64,775.23
"LEC LIII Complex Pyramidal",6007,EC:III:D,86,103.65,30.63,5,0.00,289.56
"LEC LIII Complex Pyramidal",6007,EC:III:A,85,254.28,93.67,5,0.00,785.98
"LEC LIII Complex Pyramidal",6007,EC:IV:D,89,149.86,20.69,5,122.09,257.63
"LEC LIII Complex Pyramidal",6007,EC:IV:A,88,276.73,69.28,5,252.09,471.08
"LEC LIII Complex Pyramidal",6007,EC:V:A,91,226.38,51.83,4,134.73,418.62
"MEC LIII Complex Pyramidal",6006,EC:I:D,80,531.41,11.11,5,456.23,642.66
"MEC LIII Complex Pyramidal",6006,EC:I:A,79,643.84,28.20,5,594.74,764.62
"MEC LIII Complex Pyramidal",6006,EC:II:A,82,461.84,83.20,5,307.44,858.88
"MEC LIII Complex Pyramidal",6006,EC:III:D,86,129.47,23.01,5,0.00,320.07
"MEC LIII Complex Pyramidal",6006,EC:III:A,85,193.74,46.46,5,0.00,519.49
"MEC LIII Complex Pyramidal",6006,EC:IV:D,89,153.08,15.93,5,108.54,254.29
"MEC LIII Complex Pyramidal",6006,EC:IV:A,88,107.81,40.82,3,35.25,275.06
"MEC LIII Bipolar  Complex Pyramidal",6024,EC:I:A,79,367.37,11.92,5,350.79,430.21
"MEC LIII Bipolar  Complex Pyramidal",6024,EC:II:D,83,147.70,41.82,5,87.29,359.88
"MEC LIII Bipolar  Complex Pyramidal",6024,EC:II:A,82,218.41,7.96,5,125.31,338.27
"MEC LIII Bipolar  Complex Pyramidal",6024,EC:III:D,86,82.19,27.11,5,0.00,262.10
"MEC LIII Bipolar  Complex Pyramidal",6024,EC:III:A,85,264.27,141.15,5,0.00,874.20
"MEC LIII Bipolar  Complex Pyramidal",6024,EC:IV:A,88,341.77,72.67,4,236.88,675.91
"LIII Pyramidal-Stellate",6092,EC:I:D,80,588.42,6.13,5,522.71,673.48
"LIII Pyramidal-Stellate",6092,EC:II:D,83,407.99,2.69,4,311.51,511.96
"LIII Pyramidal-Stellate",6092,EC:III:D,86,120.20,20.21,5,0.00,301.09
"LIII Pyramidal-Stellate",6092,EC:III:A,85,154.67,37.36,2,0.00,384.06
"LIII Pyramidal-Stellate",6092,EC:IV:D,89,126.47,10.23,5,80.00,207.63
"LIII Stellate",6018,EC:I:D,80,282.07,20.69,5,213.94,405.05
"LIII Stellate",6018,EC:II:D,83,119.02,19.65,5,36.70,229.96
"LIII Stellate",6018,EC:III:D,86,65.07,22.48,5,0.00,195.31
"LIII Stellate",6018,EC:III:A,85,125.06,58.95,4,0.00,451.35
"LIII-V Bipolar Pyramidal",6095,EC:I:D,80,477.04,167.19,7,268.41,854.48
"LIII-V Bipolar Pyramidal",6095,EC:II:D,83,473.03,103.03,6,235.50,641.67
"LIII-V Bipolar Pyramidal",6095,EC:III:D,86,243.00,64.95,3,83.26,457.44
"LIII-V Bipolar Pyramidal",6095,EC:III:A,85,350.50,50.02,11,83.26,879.34
"LIII-V Bipolar Pyramidal",6095,EC:IV:D,89,116.98,46.93,4,0.00,200.49
"LIII-V Bipolar Pyramidal",6095,EC:IV:A,88,203.95,91.00,8,0.00,657.81
"LIII-V Bipolar Pyramidal",6095,EC:V:D,92,126.99,35.55,12,0.00,353.89
"LIII-V Bipolar Pyramidal",6095,EC:V:A,91,305.57,77.15,7,0.00,842.74
"LIII-V Bipolar Pyramidal",6095,EC:VI:A,94,726.73,192.21,7,198.43,1171.76
"LIV-V Pyramidal-Horizontal",6085,EC:I:D,80,550.67,19.55,5,485.91,682.24
"LIV-V Pyramidal-Horizontal",6085,EC:II:D,83,409.21,4.14,3,341.00,487.76
"LIV-V Pyramidal-Horizontal",6085,EC:IV:D,89,145.82,6.79,5,97.77,206.94
"LIV-V Pyramidal-Horizontal",6085,EC:V:D,92,148.26,16.88,5,0.00,339.73
"LIV-V Pyramidal-Horizontal",6085,EC:V:A,91,93.80,0.00,1,0.00,187.59
"LIV-V Pyramidal-Horizontal",6085,EC:VI:A,94,480.78,0.00,1,186.45,775.10
"LIV-VI Deep Multipolar Principal",6086,EC:IV:D,89,198.19,87.77,18,0.00,433.93
"LIV-VI Deep Multipolar Principal",6086,EC:IV:A,88,357.37,227.31,15,0.00,1410.71
"LIV-VI Deep Multipolar Principal",6086,EC:V:D,92,177.32,84.16,19,0.00,819.18
"LIV-VI Deep Multipolar Principal",6086,EC:V:A,91,218.02,158.57,15,0.00,1069.14
"LIV-VI Deep Multipolar Principal",6086,EC:VI:D,95,290.47,97.63,16,0.00,766.61
"LIV-VI Deep Multipolar Principal",6086,EC:VI:A,94,376.98,244.38,11,0.00,1740.63
"MEC LV Multipolar-Principal",6033,EC:III:A,85,427.60,47.21,8,154.66,812.43
"MEC LV Multipolar-Principal",6033,EC:IV:D,89,236.44,112.64,10,99.30,513.30
"MEC LV Multipolar-Principal",6033,EC:IV:A,88,231.61,98.80,7,99.30,432.82
"MEC LV Multipolar-Principal",6033,EC:V:D,92,157.56,48.54,8,0.00,497.96
"MEC LV Multipolar-Principal",6033,EC:V:A,91,190.69,41.04,9,0.00,512.05
"MEC LV Multipolar-Principal",6033,EC:VI:D,95,183.99,12.25,4,141.36,261.04
"MEC LV Multipolar-Principal",6033,EC:VI:A,94,308.75,91.43,9,141.36,819.16
"LV Deep Pyramidal",6021,EC:I:D,80,877.94,328.90,18,410.22,1510.85
"LV Deep Pyramidal",6021,EC:II:D,83,718.77,261.21,18,360.45,1439.27
"LV Deep Pyramidal",6021,EC:V:D,92,139.64,76.46,25,0.00,770.68
"LV Deep Pyramidal",6021,EC:V:A,91,96.96,48.04,21,0.00,449.00
"LV Deep Pyramidal",6021,EC:VI:D,95,202.96,59.58,25,57.98,499.19
"LV Deep Pyramidal",6021,EC:VI:A,94,194.36,77.78,16,57.98,610.92
"MEC LV Pyramidal",6002,EC:I:D,80,720.72,21.60,8,644.85,821.26
"MEC LV Pyramidal",6002,EC:I:A,79,889.94,90.93,7,703.74,1235.87
"MEC LV Pyramidal",6002,EC:II:D,83,573.54,22.69,7,503.23,713.47
"MEC LV Pyramidal",6002,EC:II:A,82,780.56,82.83,7,503.82,1188.32
"MEC LV Pyramidal",6002,EC:III:A,85,453.30,126.34,4,216.42,966.16
"MEC LV Pyramidal",6002,EC:IV:A,88,319.87,94.16,6,119.50,797.08
"MEC LV Pyramidal",6002,EC:V:D,92,87.25,19.24,9,0.00,232.45
"MEC LV Pyramidal",6002,EC:V:A,91,137.74,110.63,9,0.00,839.00
"MEC LV Pyramidal",6002,EC:VI:D,95,278.75,0.00,1,117.26,440.24
"MEC LV Pyramidal",6002,EC:VI:A,94,205.75,25.70,8,78.69,374.45
"MEC LV Superficial Pyramidal",6023,EC:I:D,80,581.36,29.00,5,519.43,729.64
"MEC LV Superficial Pyramidal",6023,EC:II:A,82,507.85,29.80,2,414.04,661.27
"MEC LV Superficial Pyramidal",6023,EC:III:D,86,195.02,39.49,5,112.98,370.24
"MEC LV Superficial Pyramidal",6023,EC:III:A,85,308.00,78.90,3,108.24,650.41
"MEC LV Superficial Pyramidal",6023,EC:IV:D,89,85.37,22.75,5,38.61,199.56
"MEC LV Superficial Pyramidal",6023,EC:IV:A,88,68.22,5.72,3,35.59,111.34
"MEC LV Superficial Pyramidal",6023,EC:V:D,92,84.81,21.14,5,0.00,235.25
"MEC LV Superficial Pyramidal",6023,EC:V:A,91,75.02,2.23,2,0.00,154.51
"MEC LV-VI Pyramidal-Polymorphic",6052,EC:V:D,92,208.43,61.90,10,123.14,554.74
"MEC LV-VI Pyramidal-Polymorphic",6052,EC:VI:D,95,134.60,78.01,10,0.00,703.00
"MEC LV-VI Pyramidal-Polymorphic",6052,EC:VI:A,94,180.86,57.11,10,0.00,539.07
"LEC LVI Multipolar-Pyramidal",6078,EC:III:A,85,755.90,77.09,4,604.93,1112.38
"LEC LVI Multipolar-Pyramidal",6078,EC:IV:A,88,475.64,16.97,4,410.14,599.14
"LEC LVI Multipolar-Pyramidal",6078,EC:V:D,92,228.40,55.54,4,108.41,518.85
"LEC LVI Multipolar-Pyramidal",6078,EC:V:A,91,200.66,48.68,5,76.58,444.78
"LEC LVI Multipolar-Pyramidal",6078,EC:VI:D,95,147.94,47.90,5,0.00,473.10
"LEC LVI Multipolar-Pyramidal",6078,EC:VI:A,94,169.03,29.10,4,0.00,400.63
"LII Axo-axonic",6048,EC:II:D,83,114.14,9.97,3,0.00,248.92
"LII Axo-axonic",6048,EC:II:A,82,133.18,25.40,5,0.00,353.26
"MEC LII Basket",6096,EC:II:D,83,96.22,31.96,5,0.00,291.11
"MEC LII Basket",6096,EC:II:A,82,255.65,79.22,5,0.00,656.88
"MEC LII Basket",6096,EC:III:A,85,446.81,30.79,5,403.00,561.80
"LII Basket Multipolar Interneuron",6053,EC:I:D,80,179.06,64.90,10,63.13,308.70
"LII Basket Multipolar Interneuron",6053,EC:II:D,83,87.29,45.47,10,0.00,297.88
"LII Basket Multipolar Interneuron",6053,EC:II:A,82,195.59,55.38,10,0.00,599.05
"MEC LIII Superficial Multipolar Interneuron",6040,EC:I:D,80,621.63,167.77,9,336.85,982.50
"MEC LIII Superficial Multipolar Interneuron",6040,EC:II:D,83,461.03,104.14,7,177.59,799.44
"MEC LIII Superficial Multipolar Interneuron",6040,EC:II:A,82,364.34,121.38,14,177.59,707.72
"MEC LIII Superficial Multipolar Interneuron",6040,EC:III:D,86,128.70,60.87,14,0.00,479.43
"MEC LIII Superficial Multipolar Interneuron",6040,EC:III:A,85,224.00,76.79,15,0.00,744.20
"MEC LIII Superficial Trilayered Interneuron",6038,EC:I:D,80,347.66,62.83,5,218.14,658.43
"MEC LIII Superficial Trilayered Interneuron",6038,EC:I:A,79,340.71,82.53,5,218.14,755.79
"MEC LIII Superficial Trilayered Interneuron",6038,EC:II:D,83,145.83,16.56,5,56.03,289.93
"MEC LIII Superficial Trilayered Interneuron",6038,EC:II:A,82,152.73,28.84,5,56.03,329.66
"MEC LIII Superficial Trilayered Interneuron",6038,EC:III:D,86,44.84,15.22,5,0.00,142.37
"MEC LIII Superficial Trilayered Interneuron",6038,EC:III:A,85,48.46,23.24,5,0.00,169.14
